<?xml version="1.0"?>
<gpx xmlns="http://www.topografix.com/GPX/1/1" xmlns:xsi="http://www.w3.org/2001/XMLSchema-instance" version="1.1" creator="AllTrails.com" xsi:schemaLocation="http://www.topografix.com/GPX/1/1 http://www.topografix.com/GPX/1/1/gpx.xsd">
  <metadata>
    <name><![CDATA[pr17-caminho-do-pinaculo-e-falhadal]]></name>
    <desc><![CDATA[]]></desc>
    <link href="http://www.alltrails.com">
      <text>AllTrails, LLC</text>
    </link>
    <bounds minlat="32.74263" minlon="-17.06487" maxlat="32.77228" maxlon="-17.01932"/>
  </metadata>
  <trk>
    <name><![CDATA[pr17-caminho-do-pinaculo-e-falhadal]]></name>
    <src>AllTrails</src>
    <trkseg>
      <trkpt lat="32.74263" lon="-17.04473">
        <ele>1276.81</ele>
      </trkpt>
      <trkpt lat="32.74265" lon="-17.04473">
        <ele>1278.53</ele>
      </trkpt>
      <trkpt lat="32.74272" lon="-17.04473">
        <ele>1284.52</ele>
      </trkpt>
      <trkpt lat="32.74279" lon="-17.04455">
        <ele>1281.19</ele>
      </trkpt>
      <trkpt lat="32.74286" lon="-17.04449">
        <ele>1284.02</ele>
      </trkpt>
      <trkpt lat="32.74301" lon="-17.04443">
        <ele>1295.22</ele>
      </trkpt>
      <trkpt lat="32.74315" lon="-17.0444">
        <ele>1302.56</ele>
      </trkpt>
      <trkpt lat="32.74343" lon="-17.04414">
        <ele>1308.38</ele>
      </trkpt>
      <trkpt lat="32.74354" lon="-17.04406">
        <ele>1307.48</ele>
      </trkpt>
      <trkpt lat="32.7437" lon="-17.04392">
        <ele>1308.0</ele>
      </trkpt>
      <trkpt lat="32.74379" lon="-17.04386">
        <ele>1307.7</ele>
      </trkpt>
      <trkpt lat="32.74395" lon="-17.04378">
        <ele>1303.46</ele>
      </trkpt>
      <trkpt lat="32.74407" lon="-17.04385">
        <ele>1308.38</ele>
      </trkpt>
      <trkpt lat="32.74411" lon="-17.04388">
        <ele>1310.65</ele>
      </trkpt>
      <trkpt lat="32.74416" lon="-17.04394">
        <ele>1315.95</ele>
      </trkpt>
      <trkpt lat="32.74418" lon="-17.04397">
        <ele>1319.65</ele>
      </trkpt>
      <trkpt lat="32.74421" lon="-17.04407">
        <ele>1331.1</ele>
      </trkpt>
      <trkpt lat="32.74426" lon="-17.04408">
        <ele>1334.95</ele>
      </trkpt>
      <trkpt lat="32.74432" lon="-17.04409">
        <ele>1339.38</ele>
      </trkpt>
      <trkpt lat="32.74438" lon="-17.04406">
        <ele>1339.92</ele>
      </trkpt>
      <trkpt lat="32.74444" lon="-17.04405">
        <ele>1342.4</ele>
      </trkpt>
      <trkpt lat="32.74447" lon="-17.04404">
        <ele>1342.97</ele>
      </trkpt>
      <trkpt lat="32.74451" lon="-17.04404">
        <ele>1344.97</ele>
      </trkpt>
      <trkpt lat="32.74457" lon="-17.04404">
        <ele>1347.97</ele>
      </trkpt>
      <trkpt lat="32.74467" lon="-17.04402">
        <ele>1350.5</ele>
      </trkpt>
      <trkpt lat="32.74474" lon="-17.044">
        <ele>1350.36</ele>
      </trkpt>
      <trkpt lat="32.7448" lon="-17.04395">
        <ele>1344.21</ele>
      </trkpt>
      <trkpt lat="32.74486" lon="-17.04388">
        <ele>1336.57</ele>
      </trkpt>
      <trkpt lat="32.74494" lon="-17.04382">
        <ele>1331.92</ele>
      </trkpt>
      <trkpt lat="32.74502" lon="-17.04375">
        <ele>1327.9</ele>
      </trkpt>
      <trkpt lat="32.74519" lon="-17.04368">
        <ele>1328.98</ele>
      </trkpt>
      <trkpt lat="32.74527" lon="-17.04359">
        <ele>1324.44</ele>
      </trkpt>
      <trkpt lat="32.74531" lon="-17.04354">
        <ele>1325.17</ele>
      </trkpt>
      <trkpt lat="32.74534" lon="-17.04343">
        <ele>1320.55</ele>
      </trkpt>
      <trkpt lat="32.74546" lon="-17.04327">
        <ele>1316.43</ele>
      </trkpt>
      <trkpt lat="32.74546" lon="-17.04304">
        <ele>1299.8</ele>
      </trkpt>
      <trkpt lat="32.74554" lon="-17.04289">
        <ele>1299.19</ele>
      </trkpt>
      <trkpt lat="32.74567" lon="-17.04271">
        <ele>1298.5</ele>
      </trkpt>
      <trkpt lat="32.7458" lon="-17.04268">
        <ele>1302.73</ele>
      </trkpt>
      <trkpt lat="32.74593" lon="-17.04255">
        <ele>1304.06</ele>
      </trkpt>
      <trkpt lat="32.74595" lon="-17.04251">
        <ele>1302.12</ele>
      </trkpt>
      <trkpt lat="32.74595" lon="-17.04251">
        <ele>1302.12</ele>
      </trkpt>
      <trkpt lat="32.74595" lon="-17.04251">
        <ele>1302.12</ele>
      </trkpt>
      <trkpt lat="32.74601" lon="-17.04241">
        <ele>1300.77</ele>
      </trkpt>
      <trkpt lat="32.74613" lon="-17.04233">
        <ele>1301.11</ele>
      </trkpt>
      <trkpt lat="32.74626" lon="-17.04224">
        <ele>1301.13</ele>
      </trkpt>
      <trkpt lat="32.74646" lon="-17.04206">
        <ele>1302.13</ele>
      </trkpt>
      <trkpt lat="32.74648" lon="-17.04201">
        <ele>1301.93</ele>
      </trkpt>
      <trkpt lat="32.74646" lon="-17.04191">
        <ele>1298.26</ele>
      </trkpt>
      <trkpt lat="32.74646" lon="-17.04181">
        <ele>1295.1</ele>
      </trkpt>
      <trkpt lat="32.74647" lon="-17.04169">
        <ele>1291.68</ele>
      </trkpt>
      <trkpt lat="32.7465" lon="-17.04158">
        <ele>1289.82</ele>
      </trkpt>
      <trkpt lat="32.74654" lon="-17.04143">
        <ele>1287.48</ele>
      </trkpt>
      <trkpt lat="32.74648" lon="-17.04129">
        <ele>1282.73</ele>
      </trkpt>
      <trkpt lat="32.74654" lon="-17.04103">
        <ele>1279.63</ele>
      </trkpt>
      <trkpt lat="32.74662" lon="-17.04087">
        <ele>1280.62</ele>
      </trkpt>
      <trkpt lat="32.74671" lon="-17.04075">
        <ele>1286.49</ele>
      </trkpt>
      <trkpt lat="32.74681" lon="-17.04067">
        <ele>1291.62</ele>
      </trkpt>
      <trkpt lat="32.7469" lon="-17.04056">
        <ele>1297.82</ele>
      </trkpt>
      <trkpt lat="32.74692" lon="-17.0405">
        <ele>1296.78</ele>
      </trkpt>
      <trkpt lat="32.74694" lon="-17.04044">
        <ele>1295.26</ele>
      </trkpt>
      <trkpt lat="32.74696" lon="-17.0404">
        <ele>1294.16</ele>
      </trkpt>
      <trkpt lat="32.747" lon="-17.04034">
        <ele>1293.52</ele>
      </trkpt>
      <trkpt lat="32.747" lon="-17.04031">
        <ele>1292.79</ele>
      </trkpt>
      <trkpt lat="32.74701" lon="-17.04029">
        <ele>1292.81</ele>
      </trkpt>
      <trkpt lat="32.74702" lon="-17.04026">
        <ele>1292.49</ele>
      </trkpt>
      <trkpt lat="32.74702" lon="-17.04021">
        <ele>1290.84</ele>
      </trkpt>
      <trkpt lat="32.74703" lon="-17.04018">
        <ele>1290.43</ele>
      </trkpt>
      <trkpt lat="32.74705" lon="-17.04018">
        <ele>1291.58</ele>
      </trkpt>
      <trkpt lat="32.74707" lon="-17.04019">
        <ele>1293.05</ele>
      </trkpt>
      <trkpt lat="32.74712" lon="-17.04024">
        <ele>1297.38</ele>
      </trkpt>
      <trkpt lat="32.74719" lon="-17.04033">
        <ele>1300.84</ele>
      </trkpt>
      <trkpt lat="32.74723" lon="-17.04042">
        <ele>1299.33</ele>
      </trkpt>
      <trkpt lat="32.74726" lon="-17.04049">
        <ele>1298.32</ele>
      </trkpt>
      <trkpt lat="32.74726" lon="-17.04055">
        <ele>1295.98</ele>
      </trkpt>
      <trkpt lat="32.74724" lon="-17.04062">
        <ele>1296.19</ele>
      </trkpt>
      <trkpt lat="32.74722" lon="-17.04067">
        <ele>1296.89</ele>
      </trkpt>
      <trkpt lat="32.7472" lon="-17.04075">
        <ele>1298.6</ele>
      </trkpt>
      <trkpt lat="32.74717" lon="-17.04076">
        <ele>1298.34</ele>
      </trkpt>
      <trkpt lat="32.74712" lon="-17.04077">
        <ele>1297.63</ele>
      </trkpt>
      <trkpt lat="32.7471" lon="-17.04078">
        <ele>1297.32</ele>
      </trkpt>
      <trkpt lat="32.74704" lon="-17.04085">
        <ele>1295.68</ele>
      </trkpt>
      <trkpt lat="32.74699" lon="-17.04091">
        <ele>1294.74</ele>
      </trkpt>
      <trkpt lat="32.74695" lon="-17.04095">
        <ele>1294.71</ele>
      </trkpt>
      <trkpt lat="32.74692" lon="-17.04102">
        <ele>1294.9</ele>
      </trkpt>
      <trkpt lat="32.74692" lon="-17.04109">
        <ele>1295.9</ele>
      </trkpt>
      <trkpt lat="32.74691" lon="-17.04114">
        <ele>1295.56</ele>
      </trkpt>
      <trkpt lat="32.74688" lon="-17.04127">
        <ele>1293.55</ele>
      </trkpt>
      <trkpt lat="32.74689" lon="-17.0413">
        <ele>1293.45</ele>
      </trkpt>
      <trkpt lat="32.74691" lon="-17.04135">
        <ele>1293.19</ele>
      </trkpt>
      <trkpt lat="32.74693" lon="-17.04142">
        <ele>1293.89</ele>
      </trkpt>
      <trkpt lat="32.74692" lon="-17.04153">
        <ele>1297.31</ele>
      </trkpt>
      <trkpt lat="32.74693" lon="-17.04161">
        <ele>1299.98</ele>
      </trkpt>
      <trkpt lat="32.74696" lon="-17.04161">
        <ele>1300.13</ele>
      </trkpt>
      <trkpt lat="32.74697" lon="-17.04154">
        <ele>1297.77</ele>
      </trkpt>
      <trkpt lat="32.74699" lon="-17.0415">
        <ele>1296.3</ele>
      </trkpt>
      <trkpt lat="32.74703" lon="-17.04142">
        <ele>1293.19</ele>
      </trkpt>
      <trkpt lat="32.74712" lon="-17.04124">
        <ele>1291.89</ele>
      </trkpt>
      <trkpt lat="32.74714" lon="-17.04119">
        <ele>1291.74</ele>
      </trkpt>
      <trkpt lat="32.74716" lon="-17.04114">
        <ele>1291.47</ele>
      </trkpt>
      <trkpt lat="32.74717" lon="-17.04107">
        <ele>1292.53</ele>
      </trkpt>
      <trkpt lat="32.74721" lon="-17.04101">
        <ele>1294.07</ele>
      </trkpt>
      <trkpt lat="32.74726" lon="-17.04093">
        <ele>1297.01</ele>
      </trkpt>
      <trkpt lat="32.74733" lon="-17.0409">
        <ele>1297.44</ele>
      </trkpt>
      <trkpt lat="32.7474" lon="-17.04081">
        <ele>1298.18</ele>
      </trkpt>
      <trkpt lat="32.74743" lon="-17.0408">
        <ele>1298.04</ele>
      </trkpt>
      <trkpt lat="32.74745" lon="-17.04081">
        <ele>1297.55</ele>
      </trkpt>
      <trkpt lat="32.74746" lon="-17.04085">
        <ele>1296.62</ele>
      </trkpt>
      <trkpt lat="32.74746" lon="-17.04093">
        <ele>1296.17</ele>
      </trkpt>
      <trkpt lat="32.74744" lon="-17.04097">
        <ele>1295.91</ele>
      </trkpt>
      <trkpt lat="32.74741" lon="-17.04101">
        <ele>1295.35</ele>
      </trkpt>
      <trkpt lat="32.74739" lon="-17.04104">
        <ele>1294.74</ele>
      </trkpt>
      <trkpt lat="32.74739" lon="-17.04105">
        <ele>1294.58</ele>
      </trkpt>
      <trkpt lat="32.74741" lon="-17.04104">
        <ele>1294.97</ele>
      </trkpt>
      <trkpt lat="32.74743" lon="-17.04103">
        <ele>1295.3</ele>
      </trkpt>
      <trkpt lat="32.74746" lon="-17.04101">
        <ele>1295.71</ele>
      </trkpt>
      <trkpt lat="32.74747" lon="-17.041">
        <ele>1295.83</ele>
      </trkpt>
      <trkpt lat="32.74746" lon="-17.04104">
        <ele>1295.54</ele>
      </trkpt>
      <trkpt lat="32.74745" lon="-17.04112">
        <ele>1294.87</ele>
      </trkpt>
      <trkpt lat="32.74742" lon="-17.04117">
        <ele>1293.97</ele>
      </trkpt>
      <trkpt lat="32.7474" lon="-17.0412">
        <ele>1293.43</ele>
      </trkpt>
      <trkpt lat="32.74744" lon="-17.04122">
        <ele>1294.09</ele>
      </trkpt>
      <trkpt lat="32.74743" lon="-17.04125">
        <ele>1293.74</ele>
      </trkpt>
      <trkpt lat="32.74744" lon="-17.04128">
        <ele>1293.75</ele>
      </trkpt>
      <trkpt lat="32.74743" lon="-17.04128">
        <ele>1293.58</ele>
      </trkpt>
      <trkpt lat="32.74741" lon="-17.04126">
        <ele>1293.33</ele>
      </trkpt>
      <trkpt lat="32.7474" lon="-17.04127">
        <ele>1293.11</ele>
      </trkpt>
      <trkpt lat="32.7474" lon="-17.0413">
        <ele>1292.97</ele>
      </trkpt>
      <trkpt lat="32.74747" lon="-17.04143">
        <ele>1294.02</ele>
      </trkpt>
      <trkpt lat="32.74747" lon="-17.04152">
        <ele>1295.02</ele>
      </trkpt>
      <trkpt lat="32.74748" lon="-17.04161">
        <ele>1295.88</ele>
      </trkpt>
      <trkpt lat="32.74746" lon="-17.04173">
        <ele>1299.27</ele>
      </trkpt>
      <trkpt lat="32.74748" lon="-17.0419">
        <ele>1305.49</ele>
      </trkpt>
      <trkpt lat="32.74752" lon="-17.04216">
        <ele>1320.9</ele>
      </trkpt>
      <trkpt lat="32.74759" lon="-17.04234">
        <ele>1337.08</ele>
      </trkpt>
      <trkpt lat="32.74771" lon="-17.0424">
        <ele>1344.6</ele>
      </trkpt>
      <trkpt lat="32.74777" lon="-17.04246">
        <ele>1351.7</ele>
      </trkpt>
      <trkpt lat="32.74791" lon="-17.04259">
        <ele>1361.95</ele>
      </trkpt>
      <trkpt lat="32.74805" lon="-17.04268">
        <ele>1371.38</ele>
      </trkpt>
      <trkpt lat="32.74817" lon="-17.04285">
        <ele>1383.19</ele>
      </trkpt>
      <trkpt lat="32.74826" lon="-17.04303">
        <ele>1394.29</ele>
      </trkpt>
      <trkpt lat="32.74831" lon="-17.04316">
        <ele>1400.7</ele>
      </trkpt>
      <trkpt lat="32.74831" lon="-17.04316">
        <ele>1400.7</ele>
      </trkpt>
      <trkpt lat="32.74831" lon="-17.04316">
        <ele>1400.7</ele>
      </trkpt>
      <trkpt lat="32.74831" lon="-17.04328">
        <ele>1408.3</ele>
      </trkpt>
      <trkpt lat="32.74828" lon="-17.04346">
        <ele>1415.3</ele>
      </trkpt>
      <trkpt lat="32.74824" lon="-17.04365">
        <ele>1424.07</ele>
      </trkpt>
      <trkpt lat="32.74823" lon="-17.04382">
        <ele>1434.0</ele>
      </trkpt>
      <trkpt lat="32.74831" lon="-17.04401">
        <ele>1433.05</ele>
      </trkpt>
      <trkpt lat="32.74838" lon="-17.04443">
        <ele>1451.5</ele>
      </trkpt>
      <trkpt lat="32.74848" lon="-17.04465">
        <ele>1445.96</ele>
      </trkpt>
      <trkpt lat="32.74857" lon="-17.04474">
        <ele>1446.06</ele>
      </trkpt>
      <trkpt lat="32.7488" lon="-17.04485">
        <ele>1436.27</ele>
      </trkpt>
      <trkpt lat="32.74889" lon="-17.04491">
        <ele>1437.57</ele>
      </trkpt>
      <trkpt lat="32.74898" lon="-17.04501">
        <ele>1445.02</ele>
      </trkpt>
      <trkpt lat="32.74908" lon="-17.045">
        <ele>1440.81</ele>
      </trkpt>
      <trkpt lat="32.74919" lon="-17.04497">
        <ele>1433.55</ele>
      </trkpt>
      <trkpt lat="32.74942" lon="-17.04501">
        <ele>1423.21</ele>
      </trkpt>
      <trkpt lat="32.74948" lon="-17.04507">
        <ele>1423.93</ele>
      </trkpt>
      <trkpt lat="32.74949" lon="-17.04515">
        <ele>1428.98</ele>
      </trkpt>
      <trkpt lat="32.74945" lon="-17.04525">
        <ele>1437.84</ele>
      </trkpt>
      <trkpt lat="32.74937" lon="-17.04549">
        <ele>1458.96</ele>
      </trkpt>
      <trkpt lat="32.74936" lon="-17.04577">
        <ele>1475.57</ele>
      </trkpt>
      <trkpt lat="32.74948" lon="-17.04599">
        <ele>1470.2</ele>
      </trkpt>
      <trkpt lat="32.74961" lon="-17.0461">
        <ele>1464.87</ele>
      </trkpt>
      <trkpt lat="32.74988" lon="-17.04612">
        <ele>1444.87</ele>
      </trkpt>
      <trkpt lat="32.74994" lon="-17.04609">
        <ele>1437.54</ele>
      </trkpt>
      <trkpt lat="32.74997" lon="-17.04606">
        <ele>1433.4</ele>
      </trkpt>
      <trkpt lat="32.75001" lon="-17.04604">
        <ele>1429.67</ele>
      </trkpt>
      <trkpt lat="32.75005" lon="-17.04603">
        <ele>1428.15</ele>
      </trkpt>
      <trkpt lat="32.75007" lon="-17.04603">
        <ele>1427.62</ele>
      </trkpt>
      <trkpt lat="32.75011" lon="-17.04605">
        <ele>1427.55</ele>
      </trkpt>
      <trkpt lat="32.75015" lon="-17.04611">
        <ele>1429.7</ele>
      </trkpt>
      <trkpt lat="32.75018" lon="-17.04619">
        <ele>1435.31</ele>
      </trkpt>
      <trkpt lat="32.75018" lon="-17.0463">
        <ele>1443.95</ele>
      </trkpt>
      <trkpt lat="32.75019" lon="-17.04636">
        <ele>1448.19</ele>
      </trkpt>
      <trkpt lat="32.75019" lon="-17.04639">
        <ele>1450.49</ele>
      </trkpt>
      <trkpt lat="32.75019" lon="-17.04646">
        <ele>1454.45</ele>
      </trkpt>
      <trkpt lat="32.75017" lon="-17.04651">
        <ele>1458.17</ele>
      </trkpt>
      <trkpt lat="32.75016" lon="-17.04666">
        <ele>1466.87</ele>
      </trkpt>
      <trkpt lat="32.75017" lon="-17.04683">
        <ele>1477.46</ele>
      </trkpt>
      <trkpt lat="32.75024" lon="-17.04692">
        <ele>1480.78</ele>
      </trkpt>
      <trkpt lat="32.75038" lon="-17.047">
        <ele>1484.07</ele>
      </trkpt>
      <trkpt lat="32.75055" lon="-17.04699">
        <ele>1483.09</ele>
      </trkpt>
      <trkpt lat="32.75071" lon="-17.04695">
        <ele>1479.21</ele>
      </trkpt>
      <trkpt lat="32.75079" lon="-17.0469">
        <ele>1474.55</ele>
      </trkpt>
      <trkpt lat="32.7509" lon="-17.04682">
        <ele>1468.79</ele>
      </trkpt>
      <trkpt lat="32.751" lon="-17.04675">
        <ele>1463.76</ele>
      </trkpt>
      <trkpt lat="32.751" lon="-17.04675">
        <ele>1463.76</ele>
      </trkpt>
      <trkpt lat="32.751" lon="-17.04675">
        <ele>1463.76</ele>
      </trkpt>
      <trkpt lat="32.75103" lon="-17.04672">
        <ele>1460.97</ele>
      </trkpt>
      <trkpt lat="32.75116" lon="-17.04665">
        <ele>1455.24</ele>
      </trkpt>
      <trkpt lat="32.7513" lon="-17.04659">
        <ele>1451.32</ele>
      </trkpt>
      <trkpt lat="32.75136" lon="-17.04656">
        <ele>1449.0</ele>
      </trkpt>
      <trkpt lat="32.7517" lon="-17.04655">
        <ele>1457.7</ele>
      </trkpt>
      <trkpt lat="32.75186" lon="-17.04652">
        <ele>1452.45</ele>
      </trkpt>
      <trkpt lat="32.75211" lon="-17.04637">
        <ele>1442.33</ele>
      </trkpt>
      <trkpt lat="32.75227" lon="-17.04637">
        <ele>1443.27</ele>
      </trkpt>
      <trkpt lat="32.7526" lon="-17.0462">
        <ele>1436.62</ele>
      </trkpt>
      <trkpt lat="32.75275" lon="-17.04616">
        <ele>1439.58</ele>
      </trkpt>
      <trkpt lat="32.75282" lon="-17.04614">
        <ele>1440.07</ele>
      </trkpt>
      <trkpt lat="32.75291" lon="-17.04613">
        <ele>1440.37</ele>
      </trkpt>
      <trkpt lat="32.75298" lon="-17.04613">
        <ele>1440.8</ele>
      </trkpt>
      <trkpt lat="32.75302" lon="-17.04614">
        <ele>1441.21</ele>
      </trkpt>
      <trkpt lat="32.75303" lon="-17.04614">
        <ele>1441.27</ele>
      </trkpt>
      <trkpt lat="32.75304" lon="-17.04619">
        <ele>1442.09</ele>
      </trkpt>
      <trkpt lat="32.75302" lon="-17.04627">
        <ele>1443.32</ele>
      </trkpt>
      <trkpt lat="32.75298" lon="-17.04638">
        <ele>1445.38</ele>
      </trkpt>
      <trkpt lat="32.75299" lon="-17.04648">
        <ele>1447.33</ele>
      </trkpt>
      <trkpt lat="32.753" lon="-17.04654">
        <ele>1448.34</ele>
      </trkpt>
      <trkpt lat="32.75302" lon="-17.04676">
        <ele>1451.68</ele>
      </trkpt>
      <trkpt lat="32.75299" lon="-17.04702">
        <ele>1463.57</ele>
      </trkpt>
      <trkpt lat="32.75296" lon="-17.04713">
        <ele>1473.52</ele>
      </trkpt>
      <trkpt lat="32.75289" lon="-17.0473">
        <ele>1483.66</ele>
      </trkpt>
      <trkpt lat="32.75281" lon="-17.04734">
        <ele>1487.92</ele>
      </trkpt>
      <trkpt lat="32.75267" lon="-17.04739">
        <ele>1495.14</ele>
      </trkpt>
      <trkpt lat="32.75254" lon="-17.04751">
        <ele>1500.87</ele>
      </trkpt>
      <trkpt lat="32.75247" lon="-17.04764">
        <ele>1501.95</ele>
      </trkpt>
      <trkpt lat="32.75245" lon="-17.04779">
        <ele>1501.3</ele>
      </trkpt>
      <trkpt lat="32.75236" lon="-17.0481">
        <ele>1497.8</ele>
      </trkpt>
      <trkpt lat="32.75231" lon="-17.04819">
        <ele>1496.36</ele>
      </trkpt>
      <trkpt lat="32.75227" lon="-17.04823">
        <ele>1497.09</ele>
      </trkpt>
      <trkpt lat="32.75212" lon="-17.04832">
        <ele>1505.81</ele>
      </trkpt>
      <trkpt lat="32.75201" lon="-17.04844">
        <ele>1510.21</ele>
      </trkpt>
      <trkpt lat="32.75198" lon="-17.04848">
        <ele>1511.05</ele>
      </trkpt>
      <trkpt lat="32.75191" lon="-17.04862">
        <ele>1509.74</ele>
      </trkpt>
      <trkpt lat="32.75191" lon="-17.04877">
        <ele>1499.4</ele>
      </trkpt>
      <trkpt lat="32.75187" lon="-17.0489">
        <ele>1496.02</ele>
      </trkpt>
      <trkpt lat="32.75177" lon="-17.04896">
        <ele>1506.91</ele>
      </trkpt>
      <trkpt lat="32.75174" lon="-17.04906">
        <ele>1507.94</ele>
      </trkpt>
      <trkpt lat="32.75174" lon="-17.04914">
        <ele>1506.04</ele>
      </trkpt>
      <trkpt lat="32.7518" lon="-17.04926">
        <ele>1497.8</ele>
      </trkpt>
      <trkpt lat="32.75186" lon="-17.04934">
        <ele>1490.91</ele>
      </trkpt>
      <trkpt lat="32.75198" lon="-17.04949">
        <ele>1479.02</ele>
      </trkpt>
      <trkpt lat="32.75202" lon="-17.04962">
        <ele>1476.13</ele>
      </trkpt>
      <trkpt lat="32.75198" lon="-17.0498">
        <ele>1483.21</ele>
      </trkpt>
      <trkpt lat="32.75204" lon="-17.04988">
        <ele>1484.22</ele>
      </trkpt>
      <trkpt lat="32.75213" lon="-17.04995">
        <ele>1481.3</ele>
      </trkpt>
      <trkpt lat="32.75214" lon="-17.05003">
        <ele>1484.24</ele>
      </trkpt>
      <trkpt lat="32.75193" lon="-17.05044">
        <ele>1516.28</ele>
      </trkpt>
      <trkpt lat="32.75194" lon="-17.05052">
        <ele>1516.87</ele>
      </trkpt>
      <trkpt lat="32.752" lon="-17.05064">
        <ele>1517.01</ele>
      </trkpt>
      <trkpt lat="32.7522" lon="-17.0508">
        <ele>1511.34</ele>
      </trkpt>
      <trkpt lat="32.75235" lon="-17.05095">
        <ele>1510.91</ele>
      </trkpt>
      <trkpt lat="32.7524" lon="-17.05098">
        <ele>1510.33</ele>
      </trkpt>
      <trkpt lat="32.75255" lon="-17.05101">
        <ele>1504.48</ele>
      </trkpt>
      <trkpt lat="32.75268" lon="-17.05106">
        <ele>1498.11</ele>
      </trkpt>
      <trkpt lat="32.75302" lon="-17.05125">
        <ele>1491.73</ele>
      </trkpt>
      <trkpt lat="32.75312" lon="-17.05126">
        <ele>1489.52</ele>
      </trkpt>
      <trkpt lat="32.75329" lon="-17.05125">
        <ele>1485.36</ele>
      </trkpt>
      <trkpt lat="32.75333" lon="-17.05126">
        <ele>1485.61</ele>
      </trkpt>
      <trkpt lat="32.75333" lon="-17.05126">
        <ele>1485.61</ele>
      </trkpt>
      <trkpt lat="32.75333" lon="-17.05126">
        <ele>1485.61</ele>
      </trkpt>
      <trkpt lat="32.75354" lon="-17.05132">
        <ele>1487.71</ele>
      </trkpt>
      <trkpt lat="32.75384" lon="-17.05131">
        <ele>1486.76</ele>
      </trkpt>
      <trkpt lat="32.75398" lon="-17.05128">
        <ele>1483.91</ele>
      </trkpt>
      <trkpt lat="32.75422" lon="-17.0512">
        <ele>1472.43</ele>
      </trkpt>
      <trkpt lat="32.75431" lon="-17.05119">
        <ele>1464.99</ele>
      </trkpt>
      <trkpt lat="32.75439" lon="-17.0512">
        <ele>1459.77</ele>
      </trkpt>
      <trkpt lat="32.7545" lon="-17.05126">
        <ele>1455.73</ele>
      </trkpt>
      <trkpt lat="32.75454" lon="-17.05132">
        <ele>1456.79</ele>
      </trkpt>
      <trkpt lat="32.75457" lon="-17.0514">
        <ele>1460.02</ele>
      </trkpt>
      <trkpt lat="32.75457" lon="-17.05148">
        <ele>1466.31</ele>
      </trkpt>
      <trkpt lat="32.75444" lon="-17.05173">
        <ele>1494.31</ele>
      </trkpt>
      <trkpt lat="32.75448" lon="-17.05194">
        <ele>1502.51</ele>
      </trkpt>
      <trkpt lat="32.75465" lon="-17.05205">
        <ele>1483.57</ele>
      </trkpt>
      <trkpt lat="32.75464" lon="-17.05219">
        <ele>1492.21</ele>
      </trkpt>
      <trkpt lat="32.75465" lon="-17.05237">
        <ele>1491.33</ele>
      </trkpt>
      <trkpt lat="32.75469" lon="-17.05252">
        <ele>1487.83</ele>
      </trkpt>
      <trkpt lat="32.75474" lon="-17.0526">
        <ele>1488.39</ele>
      </trkpt>
      <trkpt lat="32.75483" lon="-17.05273">
        <ele>1488.63</ele>
      </trkpt>
      <trkpt lat="32.75485" lon="-17.05275">
        <ele>1488.05</ele>
      </trkpt>
      <trkpt lat="32.75485" lon="-17.05276">
        <ele>1488.26</ele>
      </trkpt>
      <trkpt lat="32.75499" lon="-17.05286">
        <ele>1484.74</ele>
      </trkpt>
      <trkpt lat="32.75509" lon="-17.05283">
        <ele>1476.5</ele>
      </trkpt>
      <trkpt lat="32.75515" lon="-17.05279">
        <ele>1470.78</ele>
      </trkpt>
      <trkpt lat="32.75522" lon="-17.0528">
        <ele>1466.55</ele>
      </trkpt>
      <trkpt lat="32.75523" lon="-17.05288">
        <ele>1468.72</ele>
      </trkpt>
      <trkpt lat="32.75526" lon="-17.05301">
        <ele>1470.94</ele>
      </trkpt>
      <trkpt lat="32.75548" lon="-17.05318">
        <ele>1470.33</ele>
      </trkpt>
      <trkpt lat="32.75565" lon="-17.05346">
        <ele>1480.73</ele>
      </trkpt>
      <trkpt lat="32.75567" lon="-17.05348">
        <ele>1481.39</ele>
      </trkpt>
      <trkpt lat="32.75576" lon="-17.05327">
        <ele>1469.16</ele>
      </trkpt>
      <trkpt lat="32.75594" lon="-17.05305">
        <ele>1453.56</ele>
      </trkpt>
      <trkpt lat="32.75601" lon="-17.05289">
        <ele>1443.83</ele>
      </trkpt>
      <trkpt lat="32.75611" lon="-17.05279">
        <ele>1435.78</ele>
      </trkpt>
      <trkpt lat="32.75617" lon="-17.0528">
        <ele>1437.52</ele>
      </trkpt>
      <trkpt lat="32.75621" lon="-17.05286">
        <ele>1442.44</ele>
      </trkpt>
      <trkpt lat="32.7563" lon="-17.05316">
        <ele>1464.46</ele>
      </trkpt>
      <trkpt lat="32.75641" lon="-17.05326">
        <ele>1471.99</ele>
      </trkpt>
      <trkpt lat="32.75649" lon="-17.05329">
        <ele>1476.46</ele>
      </trkpt>
      <trkpt lat="32.75657" lon="-17.05329">
        <ele>1479.76</ele>
      </trkpt>
      <trkpt lat="32.75668" lon="-17.05324">
        <ele>1482.42</ele>
      </trkpt>
      <trkpt lat="32.75675" lon="-17.05313">
        <ele>1479.6</ele>
      </trkpt>
      <trkpt lat="32.75686" lon="-17.05289">
        <ele>1460.1</ele>
      </trkpt>
      <trkpt lat="32.75691" lon="-17.05283">
        <ele>1454.64</ele>
      </trkpt>
      <trkpt lat="32.75698" lon="-17.05279">
        <ele>1451.59</ele>
      </trkpt>
      <trkpt lat="32.75709" lon="-17.05278">
        <ele>1451.78</ele>
      </trkpt>
      <trkpt lat="32.75714" lon="-17.05281">
        <ele>1455.03</ele>
      </trkpt>
      <trkpt lat="32.75718" lon="-17.05288">
        <ele>1461.6</ele>
      </trkpt>
      <trkpt lat="32.7572" lon="-17.05293">
        <ele>1466.09</ele>
      </trkpt>
      <trkpt lat="32.75721" lon="-17.05327">
        <ele>1482.55</ele>
      </trkpt>
      <trkpt lat="32.75725" lon="-17.05342">
        <ele>1484.8</ele>
      </trkpt>
      <trkpt lat="32.75732" lon="-17.05354">
        <ele>1483.41</ele>
      </trkpt>
      <trkpt lat="32.75747" lon="-17.05373">
        <ele>1478.98</ele>
      </trkpt>
      <trkpt lat="32.7576" lon="-17.05403">
        <ele>1483.18</ele>
      </trkpt>
      <trkpt lat="32.75767" lon="-17.05411">
        <ele>1481.36</ele>
      </trkpt>
      <trkpt lat="32.75779" lon="-17.05417">
        <ele>1474.14</ele>
      </trkpt>
      <trkpt lat="32.7579" lon="-17.05427">
        <ele>1468.44</ele>
      </trkpt>
      <trkpt lat="32.75801" lon="-17.05432">
        <ele>1462.51</ele>
      </trkpt>
      <trkpt lat="32.75844" lon="-17.05444">
        <ele>1453.57</ele>
      </trkpt>
      <trkpt lat="32.75858" lon="-17.05443">
        <ele>1450.89</ele>
      </trkpt>
      <trkpt lat="32.75887" lon="-17.05432">
        <ele>1434.93</ele>
      </trkpt>
      <trkpt lat="32.75899" lon="-17.05432">
        <ele>1434.61</ele>
      </trkpt>
      <trkpt lat="32.75904" lon="-17.05436">
        <ele>1437.47</ele>
      </trkpt>
      <trkpt lat="32.75911" lon="-17.05451">
        <ele>1447.17</ele>
      </trkpt>
      <trkpt lat="32.75917" lon="-17.05478">
        <ele>1470.46</ele>
      </trkpt>
      <trkpt lat="32.75923" lon="-17.05491">
        <ele>1478.14</ele>
      </trkpt>
      <trkpt lat="32.75933" lon="-17.05505">
        <ele>1486.86</ele>
      </trkpt>
      <trkpt lat="32.7597" lon="-17.05536">
        <ele>1483.92</ele>
      </trkpt>
      <trkpt lat="32.75972" lon="-17.05542">
        <ele>1484.13</ele>
      </trkpt>
      <trkpt lat="32.75969" lon="-17.05565">
        <ele>1490.37</ele>
      </trkpt>
      <trkpt lat="32.75974" lon="-17.0558">
        <ele>1492.43</ele>
      </trkpt>
      <trkpt lat="32.75982" lon="-17.05582">
        <ele>1486.44</ele>
      </trkpt>
      <trkpt lat="32.75987" lon="-17.05585">
        <ele>1483.32</ele>
      </trkpt>
      <trkpt lat="32.76006" lon="-17.05589">
        <ele>1468.6</ele>
      </trkpt>
      <trkpt lat="32.76018" lon="-17.056">
        <ele>1457.82</ele>
      </trkpt>
      <trkpt lat="32.76018" lon="-17.0561">
        <ele>1458.64</ele>
      </trkpt>
      <trkpt lat="32.76015" lon="-17.05632">
        <ele>1467.68</ele>
      </trkpt>
      <trkpt lat="32.76016" lon="-17.05642">
        <ele>1468.57</ele>
      </trkpt>
      <trkpt lat="32.76029" lon="-17.05666">
        <ele>1459.05</ele>
      </trkpt>
      <trkpt lat="32.76031" lon="-17.05673">
        <ele>1456.56</ele>
      </trkpt>
      <trkpt lat="32.7603" lon="-17.05684">
        <ele>1457.51</ele>
      </trkpt>
      <trkpt lat="32.76024" lon="-17.05704">
        <ele>1466.9</ele>
      </trkpt>
      <trkpt lat="32.76025" lon="-17.05716">
        <ele>1468.48</ele>
      </trkpt>
      <trkpt lat="32.76034" lon="-17.05739">
        <ele>1468.1</ele>
      </trkpt>
      <trkpt lat="32.76036" lon="-17.05747">
        <ele>1468.82</ele>
      </trkpt>
      <trkpt lat="32.76039" lon="-17.05758">
        <ele>1467.74</ele>
      </trkpt>
      <trkpt lat="32.76041" lon="-17.05789">
        <ele>1470.73</ele>
      </trkpt>
      <trkpt lat="32.76037" lon="-17.05789">
        <ele>1475.53</ele>
      </trkpt>
      <trkpt lat="32.76037" lon="-17.05789">
        <ele>1475.53</ele>
      </trkpt>
      <trkpt lat="32.76041" lon="-17.05789">
        <ele>1470.73</ele>
      </trkpt>
      <trkpt lat="32.76029" lon="-17.0579">
        <ele>1485.3</ele>
      </trkpt>
      <trkpt lat="32.76026" lon="-17.05797">
        <ele>1488.42</ele>
      </trkpt>
      <trkpt lat="32.76016" lon="-17.05796">
        <ele>1492.02</ele>
      </trkpt>
      <trkpt lat="32.76016" lon="-17.05803">
        <ele>1492.6</ele>
      </trkpt>
      <trkpt lat="32.76023" lon="-17.0582">
        <ele>1493.83</ele>
      </trkpt>
      <trkpt lat="32.76026" lon="-17.0583">
        <ele>1495.51</ele>
      </trkpt>
      <trkpt lat="32.76047" lon="-17.05858">
        <ele>1493.85</ele>
      </trkpt>
      <trkpt lat="32.76045" lon="-17.05863">
        <ele>1494.97</ele>
      </trkpt>
      <trkpt lat="32.76017" lon="-17.05858">
        <ele>1499.03</ele>
      </trkpt>
      <trkpt lat="32.76012" lon="-17.05861">
        <ele>1499.7</ele>
      </trkpt>
      <trkpt lat="32.75994" lon="-17.05871">
        <ele>1499.6</ele>
      </trkpt>
      <trkpt lat="32.75987" lon="-17.05873">
        <ele>1499.86</ele>
      </trkpt>
      <trkpt lat="32.75959" lon="-17.05876">
        <ele>1510.08</ele>
      </trkpt>
      <trkpt lat="32.75942" lon="-17.05882">
        <ele>1520.85</ele>
      </trkpt>
      <trkpt lat="32.75894" lon="-17.05894">
        <ele>1531.09</ele>
      </trkpt>
      <trkpt lat="32.75874" lon="-17.05902">
        <ele>1538.65</ele>
      </trkpt>
      <trkpt lat="32.75858" lon="-17.05912">
        <ele>1544.76</ele>
      </trkpt>
      <trkpt lat="32.75801" lon="-17.05929">
        <ele>1548.83</ele>
      </trkpt>
      <trkpt lat="32.75795" lon="-17.05929">
        <ele>1548.01</ele>
      </trkpt>
      <trkpt lat="32.75787" lon="-17.05929">
        <ele>1546.92</ele>
      </trkpt>
      <trkpt lat="32.75782" lon="-17.05931">
        <ele>1545.97</ele>
      </trkpt>
      <trkpt lat="32.75774" lon="-17.0593">
        <ele>1545.16</ele>
      </trkpt>
      <trkpt lat="32.75762" lon="-17.05934">
        <ele>1543.14</ele>
      </trkpt>
      <trkpt lat="32.75762" lon="-17.05934">
        <ele>1543.14</ele>
      </trkpt>
      <trkpt lat="32.75762" lon="-17.05933">
        <ele>1543.33</ele>
      </trkpt>
      <trkpt lat="32.75764" lon="-17.05935">
        <ele>1543.21</ele>
      </trkpt>
      <trkpt lat="32.75774" lon="-17.0593">
        <ele>1545.16</ele>
      </trkpt>
      <trkpt lat="32.75782" lon="-17.05931">
        <ele>1545.97</ele>
      </trkpt>
      <trkpt lat="32.75787" lon="-17.05929">
        <ele>1546.92</ele>
      </trkpt>
      <trkpt lat="32.75795" lon="-17.05929">
        <ele>1548.01</ele>
      </trkpt>
      <trkpt lat="32.75801" lon="-17.05929">
        <ele>1548.83</ele>
      </trkpt>
      <trkpt lat="32.75858" lon="-17.05912">
        <ele>1544.76</ele>
      </trkpt>
      <trkpt lat="32.75874" lon="-17.05902">
        <ele>1538.65</ele>
      </trkpt>
      <trkpt lat="32.75894" lon="-17.05894">
        <ele>1531.09</ele>
      </trkpt>
      <trkpt lat="32.75942" lon="-17.05882">
        <ele>1520.85</ele>
      </trkpt>
      <trkpt lat="32.75959" lon="-17.05876">
        <ele>1510.08</ele>
      </trkpt>
      <trkpt lat="32.75987" lon="-17.05873">
        <ele>1499.86</ele>
      </trkpt>
      <trkpt lat="32.75994" lon="-17.05871">
        <ele>1499.6</ele>
      </trkpt>
      <trkpt lat="32.76012" lon="-17.05861">
        <ele>1499.7</ele>
      </trkpt>
      <trkpt lat="32.76017" lon="-17.05858">
        <ele>1499.03</ele>
      </trkpt>
      <trkpt lat="32.76045" lon="-17.05863">
        <ele>1494.97</ele>
      </trkpt>
      <trkpt lat="32.76047" lon="-17.05858">
        <ele>1493.85</ele>
      </trkpt>
      <trkpt lat="32.76026" lon="-17.0583">
        <ele>1495.51</ele>
      </trkpt>
      <trkpt lat="32.76023" lon="-17.0582">
        <ele>1493.83</ele>
      </trkpt>
      <trkpt lat="32.76016" lon="-17.05803">
        <ele>1492.6</ele>
      </trkpt>
      <trkpt lat="32.76016" lon="-17.05796">
        <ele>1492.02</ele>
      </trkpt>
      <trkpt lat="32.76026" lon="-17.05797">
        <ele>1488.42</ele>
      </trkpt>
      <trkpt lat="32.76029" lon="-17.0579">
        <ele>1485.3</ele>
      </trkpt>
      <trkpt lat="32.76041" lon="-17.05789">
        <ele>1470.73</ele>
      </trkpt>
      <trkpt lat="32.76055" lon="-17.05802">
        <ele>1457.61</ele>
      </trkpt>
      <trkpt lat="32.76069" lon="-17.0581">
        <ele>1453.82</ele>
      </trkpt>
      <trkpt lat="32.76086" lon="-17.05849">
        <ele>1462.89</ele>
      </trkpt>
      <trkpt lat="32.76127" lon="-17.05897">
        <ele>1469.11</ele>
      </trkpt>
      <trkpt lat="32.76143" lon="-17.05916">
        <ele>1470.65</ele>
      </trkpt>
      <trkpt lat="32.76157" lon="-17.05922">
        <ele>1467.29</ele>
      </trkpt>
      <trkpt lat="32.76165" lon="-17.05921">
        <ele>1463.16</ele>
      </trkpt>
      <trkpt lat="32.76175" lon="-17.05915">
        <ele>1457.46</ele>
      </trkpt>
      <trkpt lat="32.76195" lon="-17.05916">
        <ele>1458.18</ele>
      </trkpt>
      <trkpt lat="32.76222" lon="-17.0591">
        <ele>1450.84</ele>
      </trkpt>
      <trkpt lat="32.76227" lon="-17.05905">
        <ele>1444.6</ele>
      </trkpt>
      <trkpt lat="32.76232" lon="-17.05901">
        <ele>1439.38</ele>
      </trkpt>
      <trkpt lat="32.76237" lon="-17.05901">
        <ele>1439.16</ele>
      </trkpt>
      <trkpt lat="32.7624" lon="-17.05907">
        <ele>1446.92</ele>
      </trkpt>
      <trkpt lat="32.7624" lon="-17.05913">
        <ele>1454.81</ele>
      </trkpt>
      <trkpt lat="32.76239" lon="-17.05922">
        <ele>1462.67</ele>
      </trkpt>
      <trkpt lat="32.76238" lon="-17.05925">
        <ele>1464.42</ele>
      </trkpt>
      <trkpt lat="32.76236" lon="-17.05931">
        <ele>1468.02</ele>
      </trkpt>
      <trkpt lat="32.76236" lon="-17.05939">
        <ele>1472.78</ele>
      </trkpt>
      <trkpt lat="32.76243" lon="-17.05951">
        <ele>1478.49</ele>
      </trkpt>
      <trkpt lat="32.76246" lon="-17.05956">
        <ele>1480.76</ele>
      </trkpt>
      <trkpt lat="32.76247" lon="-17.0596">
        <ele>1482.77</ele>
      </trkpt>
      <trkpt lat="32.76254" lon="-17.05964">
        <ele>1485.16</ele>
      </trkpt>
      <trkpt lat="32.76262" lon="-17.05967">
        <ele>1487.8</ele>
      </trkpt>
      <trkpt lat="32.76267" lon="-17.0597">
        <ele>1489.83</ele>
      </trkpt>
      <trkpt lat="32.76272" lon="-17.05971">
        <ele>1490.86</ele>
      </trkpt>
      <trkpt lat="32.76279" lon="-17.05971">
        <ele>1491.38</ele>
      </trkpt>
      <trkpt lat="32.76286" lon="-17.0597">
        <ele>1490.23</ele>
      </trkpt>
      <trkpt lat="32.76292" lon="-17.0597">
        <ele>1489.58</ele>
      </trkpt>
      <trkpt lat="32.76304" lon="-17.05958">
        <ele>1483.54</ele>
      </trkpt>
      <trkpt lat="32.76326" lon="-17.0596">
        <ele>1474.44</ele>
      </trkpt>
      <trkpt lat="32.76345" lon="-17.05957">
        <ele>1464.2</ele>
      </trkpt>
      <trkpt lat="32.76376" lon="-17.05945">
        <ele>1443.9</ele>
      </trkpt>
      <trkpt lat="32.764" lon="-17.05932">
        <ele>1425.38</ele>
      </trkpt>
      <trkpt lat="32.76414" lon="-17.05919">
        <ele>1411.91</ele>
      </trkpt>
      <trkpt lat="32.76422" lon="-17.05922">
        <ele>1410.39</ele>
      </trkpt>
      <trkpt lat="32.76425" lon="-17.05928">
        <ele>1412.64</ele>
      </trkpt>
      <trkpt lat="32.76426" lon="-17.05939">
        <ele>1418.1</ele>
      </trkpt>
      <trkpt lat="32.76429" lon="-17.05978">
        <ele>1428.63</ele>
      </trkpt>
      <trkpt lat="32.76448" lon="-17.06005">
        <ele>1424.2</ele>
      </trkpt>
      <trkpt lat="32.76461" lon="-17.06026">
        <ele>1430.18</ele>
      </trkpt>
      <trkpt lat="32.76484" lon="-17.06047">
        <ele>1424.51</ele>
      </trkpt>
      <trkpt lat="32.76495" lon="-17.06052">
        <ele>1417.22</ele>
      </trkpt>
      <trkpt lat="32.76503" lon="-17.06056">
        <ele>1412.95</ele>
      </trkpt>
      <trkpt lat="32.76513" lon="-17.06064">
        <ele>1410.88</ele>
      </trkpt>
      <trkpt lat="32.76518" lon="-17.06066">
        <ele>1409.04</ele>
      </trkpt>
      <trkpt lat="32.76521" lon="-17.06066">
        <ele>1407.65</ele>
      </trkpt>
      <trkpt lat="32.76524" lon="-17.06065">
        <ele>1406.09</ele>
      </trkpt>
      <trkpt lat="32.76527" lon="-17.06066">
        <ele>1404.86</ele>
      </trkpt>
      <trkpt lat="32.7653" lon="-17.06073">
        <ele>1404.38</ele>
      </trkpt>
      <trkpt lat="32.76532" lon="-17.06083">
        <ele>1404.97</ele>
      </trkpt>
      <trkpt lat="32.76532" lon="-17.06089">
        <ele>1405.46</ele>
      </trkpt>
      <trkpt lat="32.76531" lon="-17.06098">
        <ele>1406.61</ele>
      </trkpt>
      <trkpt lat="32.76532" lon="-17.06104">
        <ele>1406.63</ele>
      </trkpt>
      <trkpt lat="32.76531" lon="-17.06113">
        <ele>1408.18</ele>
      </trkpt>
      <trkpt lat="32.7653" lon="-17.06121">
        <ele>1411.1</ele>
      </trkpt>
      <trkpt lat="32.76531" lon="-17.06133">
        <ele>1414.24</ele>
      </trkpt>
      <trkpt lat="32.76535" lon="-17.06149">
        <ele>1418.85</ele>
      </trkpt>
      <trkpt lat="32.76548" lon="-17.06163">
        <ele>1417.38</ele>
      </trkpt>
      <trkpt lat="32.76548" lon="-17.06163">
        <ele>1417.38</ele>
      </trkpt>
      <trkpt lat="32.76548" lon="-17.06163">
        <ele>1417.38</ele>
      </trkpt>
      <trkpt lat="32.76557" lon="-17.06172">
        <ele>1415.33</ele>
      </trkpt>
      <trkpt lat="32.76612" lon="-17.06217">
        <ele>1418.32</ele>
      </trkpt>
      <trkpt lat="32.76677" lon="-17.06226">
        <ele>1370.85</ele>
      </trkpt>
      <trkpt lat="32.76686" lon="-17.0623">
        <ele>1371.24</ele>
      </trkpt>
      <trkpt lat="32.76695" lon="-17.06251">
        <ele>1373.66</ele>
      </trkpt>
      <trkpt lat="32.76701" lon="-17.06265">
        <ele>1381.04</ele>
      </trkpt>
      <trkpt lat="32.76714" lon="-17.06285">
        <ele>1381.85</ele>
      </trkpt>
      <trkpt lat="32.76727" lon="-17.06317">
        <ele>1381.65</ele>
      </trkpt>
      <trkpt lat="32.76753" lon="-17.06336">
        <ele>1380.15</ele>
      </trkpt>
      <trkpt lat="32.76788" lon="-17.06349">
        <ele>1367.82</ele>
      </trkpt>
      <trkpt lat="32.76853" lon="-17.0633">
        <ele>1347.71</ele>
      </trkpt>
      <trkpt lat="32.76865" lon="-17.0632">
        <ele>1343.9</ele>
      </trkpt>
      <trkpt lat="32.76878" lon="-17.06334">
        <ele>1344.1</ele>
      </trkpt>
      <trkpt lat="32.76884" lon="-17.06351">
        <ele>1346.28</ele>
      </trkpt>
      <trkpt lat="32.76923" lon="-17.06385">
        <ele>1337.13</ele>
      </trkpt>
      <trkpt lat="32.76942" lon="-17.0639">
        <ele>1331.36</ele>
      </trkpt>
      <trkpt lat="32.76947" lon="-17.06401">
        <ele>1333.43</ele>
      </trkpt>
      <trkpt lat="32.76961" lon="-17.06413">
        <ele>1329.01</ele>
      </trkpt>
      <trkpt lat="32.76994" lon="-17.06424">
        <ele>1318.29</ele>
      </trkpt>
      <trkpt lat="32.77003" lon="-17.06434">
        <ele>1322.36</ele>
      </trkpt>
      <trkpt lat="32.77014" lon="-17.06437">
        <ele>1321.75</ele>
      </trkpt>
      <trkpt lat="32.77029" lon="-17.06436">
        <ele>1317.21</ele>
      </trkpt>
      <trkpt lat="32.77045" lon="-17.06451">
        <ele>1319.41</ele>
      </trkpt>
      <trkpt lat="32.77062" lon="-17.06454">
        <ele>1313.95</ele>
      </trkpt>
      <trkpt lat="32.77118" lon="-17.06456">
        <ele>1297.48</ele>
      </trkpt>
      <trkpt lat="32.77145" lon="-17.06478">
        <ele>1298.54</ele>
      </trkpt>
      <trkpt lat="32.77152" lon="-17.06485">
        <ele>1296.95</ele>
      </trkpt>
      <trkpt lat="32.77155" lon="-17.06487">
        <ele>1296.39</ele>
      </trkpt>
      <trkpt lat="32.77197" lon="-17.06474">
        <ele>1289.27</ele>
      </trkpt>
      <trkpt lat="32.77219" lon="-17.06467">
        <ele>1288.54</ele>
      </trkpt>
      <trkpt lat="32.7722" lon="-17.06465">
        <ele>1288.64</ele>
      </trkpt>
      <trkpt lat="32.77219" lon="-17.06461">
        <ele>1289.02</ele>
      </trkpt>
      <trkpt lat="32.77216" lon="-17.06458">
        <ele>1289.48</ele>
      </trkpt>
      <trkpt lat="32.77214" lon="-17.06457">
        <ele>1289.72</ele>
      </trkpt>
      <trkpt lat="32.77209" lon="-17.06454">
        <ele>1290.41</ele>
      </trkpt>
      <trkpt lat="32.77207" lon="-17.0645">
        <ele>1291.02</ele>
      </trkpt>
      <trkpt lat="32.77206" lon="-17.06446">
        <ele>1291.57</ele>
      </trkpt>
      <trkpt lat="32.77208" lon="-17.06441">
        <ele>1290.66</ele>
      </trkpt>
      <trkpt lat="32.7721" lon="-17.06439">
        <ele>1290.0</ele>
      </trkpt>
      <trkpt lat="32.77213" lon="-17.06435">
        <ele>1288.84</ele>
      </trkpt>
      <trkpt lat="32.77215" lon="-17.06431">
        <ele>1287.86</ele>
      </trkpt>
      <trkpt lat="32.77215" lon="-17.06428">
        <ele>1287.2</ele>
      </trkpt>
      <trkpt lat="32.77217" lon="-17.06424">
        <ele>1286.33</ele>
      </trkpt>
      <trkpt lat="32.77216" lon="-17.06415">
        <ele>1284.0</ele>
      </trkpt>
      <trkpt lat="32.77216" lon="-17.06415">
        <ele>1284.0</ele>
      </trkpt>
      <trkpt lat="32.77216" lon="-17.06415">
        <ele>1284.0</ele>
      </trkpt>
      <trkpt lat="32.77216" lon="-17.06413">
        <ele>1283.08</ele>
      </trkpt>
      <trkpt lat="32.77219" lon="-17.06401">
        <ele>1277.32</ele>
      </trkpt>
      <trkpt lat="32.77224" lon="-17.06391">
        <ele>1272.17</ele>
      </trkpt>
      <trkpt lat="32.77226" lon="-17.06384">
        <ele>1270.92</ele>
      </trkpt>
      <trkpt lat="32.77228" lon="-17.06377">
        <ele>1270.56</ele>
      </trkpt>
      <trkpt lat="32.77224" lon="-17.06366">
        <ele>1269.48</ele>
      </trkpt>
      <trkpt lat="32.77223" lon="-17.06362">
        <ele>1269.12</ele>
      </trkpt>
      <trkpt lat="32.77223" lon="-17.06353">
        <ele>1268.76</ele>
      </trkpt>
      <trkpt lat="32.77221" lon="-17.06347">
        <ele>1268.49</ele>
      </trkpt>
      <trkpt lat="32.77218" lon="-17.06342">
        <ele>1268.31</ele>
      </trkpt>
      <trkpt lat="32.77215" lon="-17.06337">
        <ele>1268.13</ele>
      </trkpt>
      <trkpt lat="32.77214" lon="-17.0633">
        <ele>1267.52</ele>
      </trkpt>
      <trkpt lat="32.7721" lon="-17.06321">
        <ele>1266.22</ele>
      </trkpt>
      <trkpt lat="32.77207" lon="-17.0631">
        <ele>1264.64</ele>
      </trkpt>
      <trkpt lat="32.77204" lon="-17.06295">
        <ele>1261.33</ele>
      </trkpt>
      <trkpt lat="32.77205" lon="-17.0629">
        <ele>1260.0</ele>
      </trkpt>
      <trkpt lat="32.77207" lon="-17.06287">
        <ele>1259.09</ele>
      </trkpt>
      <trkpt lat="32.77206" lon="-17.06287">
        <ele>1259.16</ele>
      </trkpt>
      <trkpt lat="32.77205" lon="-17.06286">
        <ele>1258.97</ele>
      </trkpt>
      <trkpt lat="32.77202" lon="-17.06283">
        <ele>1258.47</ele>
      </trkpt>
      <trkpt lat="32.772" lon="-17.06279">
        <ele>1257.69</ele>
      </trkpt>
      <trkpt lat="32.77198" lon="-17.06274">
        <ele>1257.21</ele>
      </trkpt>
      <trkpt lat="32.77197" lon="-17.06262">
        <ele>1255.87</ele>
      </trkpt>
      <trkpt lat="32.77201" lon="-17.0625">
        <ele>1255.18</ele>
      </trkpt>
      <trkpt lat="32.772" lon="-17.06247">
        <ele>1255.15</ele>
      </trkpt>
      <trkpt lat="32.77195" lon="-17.06236">
        <ele>1255.08</ele>
      </trkpt>
      <trkpt lat="32.77191" lon="-17.06225">
        <ele>1255.61</ele>
      </trkpt>
      <trkpt lat="32.77171" lon="-17.06219">
        <ele>1253.9</ele>
      </trkpt>
      <trkpt lat="32.77157" lon="-17.06207">
        <ele>1251.11</ele>
      </trkpt>
      <trkpt lat="32.77138" lon="-17.06192">
        <ele>1247.93</ele>
      </trkpt>
      <trkpt lat="32.77117" lon="-17.06181">
        <ele>1250.89</ele>
      </trkpt>
      <trkpt lat="32.77105" lon="-17.06173">
        <ele>1250.03</ele>
      </trkpt>
      <trkpt lat="32.77099" lon="-17.06166">
        <ele>1248.17</ele>
      </trkpt>
      <trkpt lat="32.77094" lon="-17.06156">
        <ele>1246.65</ele>
      </trkpt>
      <trkpt lat="32.77091" lon="-17.06146">
        <ele>1245.87</ele>
      </trkpt>
      <trkpt lat="32.77093" lon="-17.06127">
        <ele>1243.02</ele>
      </trkpt>
      <trkpt lat="32.7709" lon="-17.06102">
        <ele>1240.18</ele>
      </trkpt>
      <trkpt lat="32.77087" lon="-17.06095">
        <ele>1239.98</ele>
      </trkpt>
      <trkpt lat="32.77079" lon="-17.06088">
        <ele>1240.12</ele>
      </trkpt>
      <trkpt lat="32.77037" lon="-17.06057">
        <ele>1248.01</ele>
      </trkpt>
      <trkpt lat="32.77029" lon="-17.06055">
        <ele>1249.7</ele>
      </trkpt>
      <trkpt lat="32.77019" lon="-17.06057">
        <ele>1251.25</ele>
      </trkpt>
      <trkpt lat="32.77008" lon="-17.06062">
        <ele>1252.68</ele>
      </trkpt>
      <trkpt lat="32.77001" lon="-17.0607">
        <ele>1253.35</ele>
      </trkpt>
      <trkpt lat="32.76993" lon="-17.06075">
        <ele>1254.74</ele>
      </trkpt>
      <trkpt lat="32.76988" lon="-17.06076">
        <ele>1255.74</ele>
      </trkpt>
      <trkpt lat="32.76976" lon="-17.06074">
        <ele>1258.23</ele>
      </trkpt>
      <trkpt lat="32.76967" lon="-17.06068">
        <ele>1258.95</ele>
      </trkpt>
      <trkpt lat="32.76957" lon="-17.06058">
        <ele>1259.85</ele>
      </trkpt>
      <trkpt lat="32.76944" lon="-17.06036">
        <ele>1253.97</ele>
      </trkpt>
      <trkpt lat="32.76898" lon="-17.06017">
        <ele>1251.91</ele>
      </trkpt>
      <trkpt lat="32.76874" lon="-17.0599">
        <ele>1246.71</ele>
      </trkpt>
      <trkpt lat="32.76861" lon="-17.05981">
        <ele>1245.19</ele>
      </trkpt>
      <trkpt lat="32.76854" lon="-17.05973">
        <ele>1244.07</ele>
      </trkpt>
      <trkpt lat="32.76848" lon="-17.05963">
        <ele>1244.24</ele>
      </trkpt>
      <trkpt lat="32.76848" lon="-17.05963">
        <ele>1244.24</ele>
      </trkpt>
      <trkpt lat="32.76848" lon="-17.05963">
        <ele>1244.24</ele>
      </trkpt>
      <trkpt lat="32.76846" lon="-17.05959">
        <ele>1243.91</ele>
      </trkpt>
      <trkpt lat="32.76824" lon="-17.05914">
        <ele>1242.56</ele>
      </trkpt>
      <trkpt lat="32.76822" lon="-17.05904">
        <ele>1240.25</ele>
      </trkpt>
      <trkpt lat="32.76823" lon="-17.05896">
        <ele>1237.49</ele>
      </trkpt>
      <trkpt lat="32.76828" lon="-17.05882">
        <ele>1232.74</ele>
      </trkpt>
      <trkpt lat="32.76862" lon="-17.05832">
        <ele>1227.71</ele>
      </trkpt>
      <trkpt lat="32.76873" lon="-17.05818">
        <ele>1223.62</ele>
      </trkpt>
      <trkpt lat="32.76888" lon="-17.05805">
        <ele>1217.21</ele>
      </trkpt>
      <trkpt lat="32.76892" lon="-17.05798">
        <ele>1214.24</ele>
      </trkpt>
      <trkpt lat="32.76896" lon="-17.05781">
        <ele>1210.27</ele>
      </trkpt>
      <trkpt lat="32.76897" lon="-17.05769">
        <ele>1210.07</ele>
      </trkpt>
      <trkpt lat="32.76897" lon="-17.05757">
        <ele>1210.87</ele>
      </trkpt>
      <trkpt lat="32.76898" lon="-17.05737">
        <ele>1209.66</ele>
      </trkpt>
      <trkpt lat="32.76902" lon="-17.05726">
        <ele>1206.31</ele>
      </trkpt>
      <trkpt lat="32.76908" lon="-17.05715">
        <ele>1202.26</ele>
      </trkpt>
      <trkpt lat="32.76919" lon="-17.05707">
        <ele>1197.36</ele>
      </trkpt>
      <trkpt lat="32.76952" lon="-17.0569">
        <ele>1187.74</ele>
      </trkpt>
      <trkpt lat="32.76959" lon="-17.05682">
        <ele>1186.73</ele>
      </trkpt>
      <trkpt lat="32.76961" lon="-17.05676">
        <ele>1185.96</ele>
      </trkpt>
      <trkpt lat="32.76964" lon="-17.05652">
        <ele>1184.43</ele>
      </trkpt>
      <trkpt lat="32.76964" lon="-17.05641">
        <ele>1184.47</ele>
      </trkpt>
      <trkpt lat="32.76961" lon="-17.05613">
        <ele>1178.14</ele>
      </trkpt>
      <trkpt lat="32.7696" lon="-17.05585">
        <ele>1169.84</ele>
      </trkpt>
      <trkpt lat="32.76964" lon="-17.05581">
        <ele>1168.12</ele>
      </trkpt>
      <trkpt lat="32.76963" lon="-17.05571">
        <ele>1164.85</ele>
      </trkpt>
      <trkpt lat="32.76966" lon="-17.0555">
        <ele>1157.56</ele>
      </trkpt>
      <trkpt lat="32.76969" lon="-17.05539">
        <ele>1153.01</ele>
      </trkpt>
      <trkpt lat="32.76959" lon="-17.05524">
        <ele>1146.23</ele>
      </trkpt>
      <trkpt lat="32.76947" lon="-17.05522">
        <ele>1145.92</ele>
      </trkpt>
      <trkpt lat="32.76947" lon="-17.05522">
        <ele>1145.92</ele>
      </trkpt>
      <trkpt lat="32.76947" lon="-17.05522">
        <ele>1145.92</ele>
      </trkpt>
      <trkpt lat="32.76943" lon="-17.05521">
        <ele>1145.38</ele>
      </trkpt>
      <trkpt lat="32.76936" lon="-17.05525">
        <ele>1148.67</ele>
      </trkpt>
      <trkpt lat="32.76922" lon="-17.0553">
        <ele>1152.03</ele>
      </trkpt>
      <trkpt lat="32.76904" lon="-17.0554">
        <ele>1159.95</ele>
      </trkpt>
      <trkpt lat="32.76882" lon="-17.05564">
        <ele>1172.41</ele>
      </trkpt>
      <trkpt lat="32.76859" lon="-17.05597">
        <ele>1181.2</ele>
      </trkpt>
      <trkpt lat="32.76847" lon="-17.05606">
        <ele>1186.11</ele>
      </trkpt>
      <trkpt lat="32.76835" lon="-17.05612">
        <ele>1190.66</ele>
      </trkpt>
      <trkpt lat="32.76813" lon="-17.05616">
        <ele>1191.86</ele>
      </trkpt>
      <trkpt lat="32.76789" lon="-17.05627">
        <ele>1186.79</ele>
      </trkpt>
      <trkpt lat="32.76779" lon="-17.05637">
        <ele>1187.44</ele>
      </trkpt>
      <trkpt lat="32.76765" lon="-17.05658">
        <ele>1185.13</ele>
      </trkpt>
      <trkpt lat="32.76753" lon="-17.0567">
        <ele>1191.74</ele>
      </trkpt>
      <trkpt lat="32.76745" lon="-17.05678">
        <ele>1197.85</ele>
      </trkpt>
      <trkpt lat="32.76738" lon="-17.05674">
        <ele>1193.05</ele>
      </trkpt>
      <trkpt lat="32.7671" lon="-17.05671">
        <ele>1188.93</ele>
      </trkpt>
      <trkpt lat="32.76698" lon="-17.05669">
        <ele>1188.77</ele>
      </trkpt>
      <trkpt lat="32.76686" lon="-17.05668">
        <ele>1190.33</ele>
      </trkpt>
      <trkpt lat="32.76678" lon="-17.05665">
        <ele>1191.39</ele>
      </trkpt>
      <trkpt lat="32.76672" lon="-17.05661">
        <ele>1192.7</ele>
      </trkpt>
      <trkpt lat="32.7667" lon="-17.05659">
        <ele>1193.26</ele>
      </trkpt>
      <trkpt lat="32.76667" lon="-17.05657">
        <ele>1194.24</ele>
      </trkpt>
      <trkpt lat="32.76666" lon="-17.05653">
        <ele>1194.65</ele>
      </trkpt>
      <trkpt lat="32.76666" lon="-17.05651">
        <ele>1194.71</ele>
      </trkpt>
      <trkpt lat="32.7667" lon="-17.05649">
        <ele>1193.23</ele>
      </trkpt>
      <trkpt lat="32.76674" lon="-17.05647">
        <ele>1191.44</ele>
      </trkpt>
      <trkpt lat="32.76678" lon="-17.05646">
        <ele>1189.56</ele>
      </trkpt>
      <trkpt lat="32.76679" lon="-17.05644">
        <ele>1188.89</ele>
      </trkpt>
      <trkpt lat="32.76678" lon="-17.05643">
        <ele>1189.28</ele>
      </trkpt>
      <trkpt lat="32.76676" lon="-17.05642">
        <ele>1190.19</ele>
      </trkpt>
      <trkpt lat="32.76672" lon="-17.05641">
        <ele>1192.18</ele>
      </trkpt>
      <trkpt lat="32.76663" lon="-17.05616">
        <ele>1194.0</ele>
      </trkpt>
      <trkpt lat="32.76652" lon="-17.05614">
        <ele>1193.27</ele>
      </trkpt>
      <trkpt lat="32.76653" lon="-17.05611">
        <ele>1193.01</ele>
      </trkpt>
      <trkpt lat="32.76654" lon="-17.05609">
        <ele>1193.0</ele>
      </trkpt>
      <trkpt lat="32.76661" lon="-17.05603">
        <ele>1192.95</ele>
      </trkpt>
      <trkpt lat="32.76661" lon="-17.05596">
        <ele>1192.4</ele>
      </trkpt>
      <trkpt lat="32.7666" lon="-17.05583">
        <ele>1191.4</ele>
      </trkpt>
      <trkpt lat="32.76653" lon="-17.0556">
        <ele>1187.33</ele>
      </trkpt>
      <trkpt lat="32.76652" lon="-17.0555">
        <ele>1186.02</ele>
      </trkpt>
      <trkpt lat="32.76649" lon="-17.05543">
        <ele>1186.18</ele>
      </trkpt>
      <trkpt lat="32.76644" lon="-17.05534">
        <ele>1187.22</ele>
      </trkpt>
      <trkpt lat="32.7664" lon="-17.05531">
        <ele>1188.66</ele>
      </trkpt>
      <trkpt lat="32.76635" lon="-17.05518">
        <ele>1184.36</ele>
      </trkpt>
      <trkpt lat="32.76628" lon="-17.05512">
        <ele>1182.11</ele>
      </trkpt>
      <trkpt lat="32.76626" lon="-17.0551">
        <ele>1181.39</ele>
      </trkpt>
      <trkpt lat="32.76625" lon="-17.05508">
        <ele>1180.6</ele>
      </trkpt>
      <trkpt lat="32.76626" lon="-17.05505">
        <ele>1179.13</ele>
      </trkpt>
      <trkpt lat="32.76628" lon="-17.05503">
        <ele>1177.95</ele>
      </trkpt>
      <trkpt lat="32.76631" lon="-17.05502">
        <ele>1177.08</ele>
      </trkpt>
      <trkpt lat="32.76639" lon="-17.05498">
        <ele>1174.02</ele>
      </trkpt>
      <trkpt lat="32.76641" lon="-17.05492">
        <ele>1170.42</ele>
      </trkpt>
      <trkpt lat="32.76641" lon="-17.05483">
        <ele>1166.21</ele>
      </trkpt>
      <trkpt lat="32.76642" lon="-17.05475">
        <ele>1162.07</ele>
      </trkpt>
      <trkpt lat="32.76648" lon="-17.05463">
        <ele>1151.97</ele>
      </trkpt>
      <trkpt lat="32.76646" lon="-17.05457">
        <ele>1148.5</ele>
      </trkpt>
      <trkpt lat="32.76642" lon="-17.05452">
        <ele>1146.37</ele>
      </trkpt>
      <trkpt lat="32.76637" lon="-17.0545">
        <ele>1146.29</ele>
      </trkpt>
      <trkpt lat="32.7663" lon="-17.05448">
        <ele>1145.65</ele>
      </trkpt>
      <trkpt lat="32.76626" lon="-17.05444">
        <ele>1142.4</ele>
      </trkpt>
      <trkpt lat="32.76619" lon="-17.05437">
        <ele>1134.82</ele>
      </trkpt>
      <trkpt lat="32.76615" lon="-17.05435">
        <ele>1132.99</ele>
      </trkpt>
      <trkpt lat="32.76608" lon="-17.05436">
        <ele>1135.42</ele>
      </trkpt>
      <trkpt lat="32.76601" lon="-17.05437">
        <ele>1138.36</ele>
      </trkpt>
      <trkpt lat="32.76598" lon="-17.05442">
        <ele>1144.31</ele>
      </trkpt>
      <trkpt lat="32.76598" lon="-17.05445">
        <ele>1147.34</ele>
      </trkpt>
      <trkpt lat="32.766" lon="-17.05453">
        <ele>1154.47</ele>
      </trkpt>
      <trkpt lat="32.76598" lon="-17.05456">
        <ele>1157.37</ele>
      </trkpt>
      <trkpt lat="32.76589" lon="-17.05462">
        <ele>1162.33</ele>
      </trkpt>
      <trkpt lat="32.76581" lon="-17.05463">
        <ele>1161.26</ele>
      </trkpt>
      <trkpt lat="32.76578" lon="-17.05464">
        <ele>1160.16</ele>
      </trkpt>
      <trkpt lat="32.76576" lon="-17.05466">
        <ele>1160.43</ele>
      </trkpt>
      <trkpt lat="32.76574" lon="-17.0547">
        <ele>1162.28</ele>
      </trkpt>
      <trkpt lat="32.76575" lon="-17.05473">
        <ele>1164.71</ele>
      </trkpt>
      <trkpt lat="32.76575" lon="-17.05477">
        <ele>1165.79</ele>
      </trkpt>
      <trkpt lat="32.76572" lon="-17.05479">
        <ele>1164.84</ele>
      </trkpt>
      <trkpt lat="32.76569" lon="-17.05478">
        <ele>1163.04</ele>
      </trkpt>
      <trkpt lat="32.76565" lon="-17.05478">
        <ele>1161.03</ele>
      </trkpt>
      <trkpt lat="32.76564" lon="-17.05475">
        <ele>1159.51</ele>
      </trkpt>
      <trkpt lat="32.76559" lon="-17.05471">
        <ele>1154.79</ele>
      </trkpt>
      <trkpt lat="32.76557" lon="-17.0547">
        <ele>1152.8</ele>
      </trkpt>
      <trkpt lat="32.76554" lon="-17.05471">
        <ele>1151.6</ele>
      </trkpt>
      <trkpt lat="32.76549" lon="-17.05477">
        <ele>1150.47</ele>
      </trkpt>
      <trkpt lat="32.76545" lon="-17.05485">
        <ele>1150.99</ele>
      </trkpt>
      <trkpt lat="32.76543" lon="-17.05495">
        <ele>1154.4</ele>
      </trkpt>
      <trkpt lat="32.76543" lon="-17.05507">
        <ele>1159.11</ele>
      </trkpt>
      <trkpt lat="32.76544" lon="-17.05518">
        <ele>1163.24</ele>
      </trkpt>
      <trkpt lat="32.76532" lon="-17.05539">
        <ele>1160.57</ele>
      </trkpt>
      <trkpt lat="32.76526" lon="-17.05548">
        <ele>1156.94</ele>
      </trkpt>
      <trkpt lat="32.76523" lon="-17.05552">
        <ele>1156.33</ele>
      </trkpt>
      <trkpt lat="32.7652" lon="-17.05562">
        <ele>1159.82</ele>
      </trkpt>
      <trkpt lat="32.76518" lon="-17.05565">
        <ele>1160.67</ele>
      </trkpt>
      <trkpt lat="32.76515" lon="-17.05566">
        <ele>1159.96</ele>
      </trkpt>
      <trkpt lat="32.76513" lon="-17.05565">
        <ele>1158.74</ele>
      </trkpt>
      <trkpt lat="32.76509" lon="-17.05562">
        <ele>1156.16</ele>
      </trkpt>
      <trkpt lat="32.76506" lon="-17.05558">
        <ele>1154.0</ele>
      </trkpt>
      <trkpt lat="32.76503" lon="-17.05554">
        <ele>1151.44</ele>
      </trkpt>
      <trkpt lat="32.765" lon="-17.05555">
        <ele>1151.52</ele>
      </trkpt>
      <trkpt lat="32.76498" lon="-17.05558">
        <ele>1151.07</ele>
      </trkpt>
      <trkpt lat="32.76494" lon="-17.0556">
        <ele>1148.86</ele>
      </trkpt>
      <trkpt lat="32.7649" lon="-17.05564">
        <ele>1147.52</ele>
      </trkpt>
      <trkpt lat="32.76485" lon="-17.05567">
        <ele>1145.71</ele>
      </trkpt>
      <trkpt lat="32.7648" lon="-17.05565">
        <ele>1141.99</ele>
      </trkpt>
      <trkpt lat="32.76476" lon="-17.05563">
        <ele>1138.61</ele>
      </trkpt>
      <trkpt lat="32.76472" lon="-17.05559">
        <ele>1134.01</ele>
      </trkpt>
      <trkpt lat="32.76468" lon="-17.05552">
        <ele>1131.03</ele>
      </trkpt>
      <trkpt lat="32.76464" lon="-17.05548">
        <ele>1129.82</ele>
      </trkpt>
      <trkpt lat="32.7646" lon="-17.05541">
        <ele>1127.33</ele>
      </trkpt>
      <trkpt lat="32.76452" lon="-17.05527">
        <ele>1122.47</ele>
      </trkpt>
      <trkpt lat="32.76448" lon="-17.05525">
        <ele>1122.93</ele>
      </trkpt>
      <trkpt lat="32.76443" lon="-17.05521">
        <ele>1124.24</ele>
      </trkpt>
      <trkpt lat="32.76438" lon="-17.05518">
        <ele>1126.01</ele>
      </trkpt>
      <trkpt lat="32.76434" lon="-17.0552">
        <ele>1127.36</ele>
      </trkpt>
      <trkpt lat="32.76426" lon="-17.05524">
        <ele>1130.87</ele>
      </trkpt>
      <trkpt lat="32.76419" lon="-17.05527">
        <ele>1134.66</ele>
      </trkpt>
      <trkpt lat="32.76416" lon="-17.05532">
        <ele>1136.87</ele>
      </trkpt>
      <trkpt lat="32.76411" lon="-17.05539">
        <ele>1138.18</ele>
      </trkpt>
      <trkpt lat="32.76404" lon="-17.05555">
        <ele>1141.86</ele>
      </trkpt>
      <trkpt lat="32.76402" lon="-17.05564">
        <ele>1145.97</ele>
      </trkpt>
      <trkpt lat="32.76399" lon="-17.05563">
        <ele>1145.56</ele>
      </trkpt>
      <trkpt lat="32.76396" lon="-17.05564">
        <ele>1146.1</ele>
      </trkpt>
      <trkpt lat="32.76396" lon="-17.05567">
        <ele>1147.56</ele>
      </trkpt>
      <trkpt lat="32.76394" lon="-17.05574">
        <ele>1151.05</ele>
      </trkpt>
      <trkpt lat="32.76387" lon="-17.0558">
        <ele>1154.78</ele>
      </trkpt>
      <trkpt lat="32.76382" lon="-17.05587">
        <ele>1158.38</ele>
      </trkpt>
      <trkpt lat="32.76379" lon="-17.0559">
        <ele>1159.73</ele>
      </trkpt>
      <trkpt lat="32.76373" lon="-17.05592">
        <ele>1161.44</ele>
      </trkpt>
      <trkpt lat="32.76366" lon="-17.05592">
        <ele>1162.87</ele>
      </trkpt>
      <trkpt lat="32.76363" lon="-17.05595">
        <ele>1164.14</ele>
      </trkpt>
      <trkpt lat="32.76358" lon="-17.05601">
        <ele>1167.89</ele>
      </trkpt>
      <trkpt lat="32.76353" lon="-17.05611">
        <ele>1174.97</ele>
      </trkpt>
      <trkpt lat="32.76348" lon="-17.05617">
        <ele>1183.67</ele>
      </trkpt>
      <trkpt lat="32.76345" lon="-17.05618">
        <ele>1187.02</ele>
      </trkpt>
      <trkpt lat="32.76344" lon="-17.0562">
        <ele>1189.38</ele>
      </trkpt>
      <trkpt lat="32.76344" lon="-17.05623">
        <ele>1191.61</ele>
      </trkpt>
      <trkpt lat="32.76342" lon="-17.05626">
        <ele>1195.6</ele>
      </trkpt>
      <trkpt lat="32.76339" lon="-17.05626">
        <ele>1198.25</ele>
      </trkpt>
      <trkpt lat="32.76335" lon="-17.05626">
        <ele>1201.78</ele>
      </trkpt>
      <trkpt lat="32.76321" lon="-17.0562">
        <ele>1207.62</ele>
      </trkpt>
      <trkpt lat="32.76306" lon="-17.05609">
        <ele>1211.14</ele>
      </trkpt>
      <trkpt lat="32.76299" lon="-17.05602">
        <ele>1209.9</ele>
      </trkpt>
      <trkpt lat="32.76286" lon="-17.05601">
        <ele>1216.09</ele>
      </trkpt>
      <trkpt lat="32.76274" lon="-17.05599">
        <ele>1221.62</ele>
      </trkpt>
      <trkpt lat="32.76268" lon="-17.05594">
        <ele>1222.63</ele>
      </trkpt>
      <trkpt lat="32.7626" lon="-17.05593">
        <ele>1227.59</ele>
      </trkpt>
      <trkpt lat="32.76258" lon="-17.05588">
        <ele>1226.38</ele>
      </trkpt>
      <trkpt lat="32.76259" lon="-17.05586">
        <ele>1224.6</ele>
      </trkpt>
      <trkpt lat="32.76261" lon="-17.05581">
        <ele>1220.95</ele>
      </trkpt>
      <trkpt lat="32.76259" lon="-17.05577">
        <ele>1221.31</ele>
      </trkpt>
      <trkpt lat="32.7626" lon="-17.05574">
        <ele>1219.58</ele>
      </trkpt>
      <trkpt lat="32.76263" lon="-17.05572">
        <ele>1216.39</ele>
      </trkpt>
      <trkpt lat="32.76273" lon="-17.05566">
        <ele>1205.25</ele>
      </trkpt>
      <trkpt lat="32.76278" lon="-17.05561">
        <ele>1198.39</ele>
      </trkpt>
      <trkpt lat="32.76282" lon="-17.05553">
        <ele>1193.18</ele>
      </trkpt>
      <trkpt lat="32.76288" lon="-17.0554">
        <ele>1190.51</ele>
      </trkpt>
      <trkpt lat="32.7629" lon="-17.05529">
        <ele>1190.58</ele>
      </trkpt>
      <trkpt lat="32.76292" lon="-17.05509">
        <ele>1184.96</ele>
      </trkpt>
      <trkpt lat="32.76294" lon="-17.055">
        <ele>1182.33</ele>
      </trkpt>
      <trkpt lat="32.76304" lon="-17.05486">
        <ele>1175.7</ele>
      </trkpt>
      <trkpt lat="32.76308" lon="-17.05477">
        <ele>1170.34</ele>
      </trkpt>
      <trkpt lat="32.76311" lon="-17.05466">
        <ele>1165.98</ele>
      </trkpt>
      <trkpt lat="32.76311" lon="-17.05456">
        <ele>1165.16</ele>
      </trkpt>
      <trkpt lat="32.76307" lon="-17.05435">
        <ele>1169.3</ele>
      </trkpt>
      <trkpt lat="32.76299" lon="-17.0543">
        <ele>1176.04</ele>
      </trkpt>
      <trkpt lat="32.76295" lon="-17.05422">
        <ele>1181.92</ele>
      </trkpt>
      <trkpt lat="32.76297" lon="-17.05416">
        <ele>1183.52</ele>
      </trkpt>
      <trkpt lat="32.76305" lon="-17.05414">
        <ele>1179.96</ele>
      </trkpt>
      <trkpt lat="32.76312" lon="-17.05413">
        <ele>1175.69</ele>
      </trkpt>
      <trkpt lat="32.76324" lon="-17.0541">
        <ele>1168.41</ele>
      </trkpt>
      <trkpt lat="32.76324" lon="-17.05402">
        <ele>1170.04</ele>
      </trkpt>
      <trkpt lat="32.76329" lon="-17.05396">
        <ele>1167.76</ele>
      </trkpt>
      <trkpt lat="32.76332" lon="-17.0539">
        <ele>1166.76</ele>
      </trkpt>
      <trkpt lat="32.76331" lon="-17.05383">
        <ele>1170.01</ele>
      </trkpt>
      <trkpt lat="32.76332" lon="-17.05378">
        <ele>1171.27</ele>
      </trkpt>
      <trkpt lat="32.76336" lon="-17.05368">
        <ele>1172.38</ele>
      </trkpt>
      <trkpt lat="32.7634" lon="-17.05355">
        <ele>1176.34</ele>
      </trkpt>
      <trkpt lat="32.76344" lon="-17.05344">
        <ele>1180.89</ele>
      </trkpt>
      <trkpt lat="32.76347" lon="-17.05335">
        <ele>1185.02</ele>
      </trkpt>
      <trkpt lat="32.76347" lon="-17.05327">
        <ele>1187.29</ele>
      </trkpt>
      <trkpt lat="32.76348" lon="-17.05319">
        <ele>1187.99</ele>
      </trkpt>
      <trkpt lat="32.76348" lon="-17.05319">
        <ele>1187.99</ele>
      </trkpt>
      <trkpt lat="32.76348" lon="-17.05319">
        <ele>1187.99</ele>
      </trkpt>
      <trkpt lat="32.76349" lon="-17.05313">
        <ele>1188.17</ele>
      </trkpt>
      <trkpt lat="32.76352" lon="-17.05307">
        <ele>1186.36</ele>
      </trkpt>
      <trkpt lat="32.76356" lon="-17.05298">
        <ele>1183.57</ele>
      </trkpt>
      <trkpt lat="32.76366" lon="-17.05271">
        <ele>1180.09</ele>
      </trkpt>
      <trkpt lat="32.76374" lon="-17.05244">
        <ele>1177.92</ele>
      </trkpt>
      <trkpt lat="32.76376" lon="-17.0524">
        <ele>1176.27</ele>
      </trkpt>
      <trkpt lat="32.76384" lon="-17.05237">
        <ele>1172.77</ele>
      </trkpt>
      <trkpt lat="32.76385" lon="-17.05233">
        <ele>1172.4</ele>
      </trkpt>
      <trkpt lat="32.76388" lon="-17.05229">
        <ele>1171.72</ele>
      </trkpt>
      <trkpt lat="32.76393" lon="-17.05227">
        <ele>1167.41</ele>
      </trkpt>
      <trkpt lat="32.76396" lon="-17.05225">
        <ele>1164.63</ele>
      </trkpt>
      <trkpt lat="32.76396" lon="-17.05223">
        <ele>1164.96</ele>
      </trkpt>
      <trkpt lat="32.76391" lon="-17.05223">
        <ele>1169.87</ele>
      </trkpt>
      <trkpt lat="32.76387" lon="-17.05222">
        <ele>1172.16</ele>
      </trkpt>
      <trkpt lat="32.76386" lon="-17.0522">
        <ele>1171.87</ele>
      </trkpt>
      <trkpt lat="32.76389" lon="-17.05213">
        <ele>1169.92</ele>
      </trkpt>
      <trkpt lat="32.76399" lon="-17.05196">
        <ele>1162.69</ele>
      </trkpt>
      <trkpt lat="32.76403" lon="-17.05187">
        <ele>1162.24</ele>
      </trkpt>
      <trkpt lat="32.76404" lon="-17.05183">
        <ele>1162.41</ele>
      </trkpt>
      <trkpt lat="32.76401" lon="-17.0518">
        <ele>1163.5</ele>
      </trkpt>
      <trkpt lat="32.76398" lon="-17.05178">
        <ele>1164.42</ele>
      </trkpt>
      <trkpt lat="32.76397" lon="-17.05174">
        <ele>1164.97</ele>
      </trkpt>
      <trkpt lat="32.76398" lon="-17.05167">
        <ele>1165.33</ele>
      </trkpt>
      <trkpt lat="32.76404" lon="-17.05161">
        <ele>1164.39</ele>
      </trkpt>
      <trkpt lat="32.76406" lon="-17.05156">
        <ele>1164.16</ele>
      </trkpt>
      <trkpt lat="32.76403" lon="-17.0515">
        <ele>1164.76</ele>
      </trkpt>
      <trkpt lat="32.76396" lon="-17.05141">
        <ele>1165.96</ele>
      </trkpt>
      <trkpt lat="32.76395" lon="-17.05134">
        <ele>1165.38</ele>
      </trkpt>
      <trkpt lat="32.76397" lon="-17.05112">
        <ele>1161.07</ele>
      </trkpt>
      <trkpt lat="32.76395" lon="-17.05102">
        <ele>1157.8</ele>
      </trkpt>
      <trkpt lat="32.76396" lon="-17.05087">
        <ele>1150.58</ele>
      </trkpt>
      <trkpt lat="32.76396" lon="-17.0508">
        <ele>1147.55</ele>
      </trkpt>
      <trkpt lat="32.76394" lon="-17.05074">
        <ele>1145.79</ele>
      </trkpt>
      <trkpt lat="32.76408" lon="-17.05034">
        <ele>1130.32</ele>
      </trkpt>
      <trkpt lat="32.76411" lon="-17.05012">
        <ele>1124.57</ele>
      </trkpt>
      <trkpt lat="32.76428" lon="-17.04987">
        <ele>1114.19</ele>
      </trkpt>
      <trkpt lat="32.76431" lon="-17.04978">
        <ele>1110.53</ele>
      </trkpt>
      <trkpt lat="32.76432" lon="-17.04973">
        <ele>1108.62</ele>
      </trkpt>
      <trkpt lat="32.76431" lon="-17.0497">
        <ele>1106.67</ele>
      </trkpt>
      <trkpt lat="32.76435" lon="-17.04958">
        <ele>1097.73</ele>
      </trkpt>
      <trkpt lat="32.7644" lon="-17.04954">
        <ele>1096.07</ele>
      </trkpt>
      <trkpt lat="32.76442" lon="-17.04951">
        <ele>1094.8</ele>
      </trkpt>
      <trkpt lat="32.76443" lon="-17.04946">
        <ele>1092.26</ele>
      </trkpt>
      <trkpt lat="32.76446" lon="-17.04942">
        <ele>1091.62</ele>
      </trkpt>
      <trkpt lat="32.76448" lon="-17.04936">
        <ele>1090.61</ele>
      </trkpt>
      <trkpt lat="32.76451" lon="-17.04932">
        <ele>1090.0</ele>
      </trkpt>
      <trkpt lat="32.76453" lon="-17.04921">
        <ele>1088.09</ele>
      </trkpt>
      <trkpt lat="32.76456" lon="-17.04908">
        <ele>1085.8</ele>
      </trkpt>
      <trkpt lat="32.76457" lon="-17.04902">
        <ele>1084.76</ele>
      </trkpt>
      <trkpt lat="32.76457" lon="-17.04898">
        <ele>1084.03</ele>
      </trkpt>
      <trkpt lat="32.76458" lon="-17.04893">
        <ele>1083.21</ele>
      </trkpt>
      <trkpt lat="32.76461" lon="-17.04887">
        <ele>1082.31</ele>
      </trkpt>
      <trkpt lat="32.76463" lon="-17.04882">
        <ele>1081.35</ele>
      </trkpt>
      <trkpt lat="32.76464" lon="-17.04883">
        <ele>1081.74</ele>
      </trkpt>
      <trkpt lat="32.76465" lon="-17.04884">
        <ele>1082.11</ele>
      </trkpt>
      <trkpt lat="32.76466" lon="-17.04884">
        <ele>1082.25</ele>
      </trkpt>
      <trkpt lat="32.76467" lon="-17.04883">
        <ele>1082.18</ele>
      </trkpt>
      <trkpt lat="32.76467" lon="-17.04882">
        <ele>1081.96</ele>
      </trkpt>
      <trkpt lat="32.76467" lon="-17.04876">
        <ele>1080.68</ele>
      </trkpt>
      <trkpt lat="32.76466" lon="-17.04873">
        <ele>1079.83</ele>
      </trkpt>
      <trkpt lat="32.76466" lon="-17.04872">
        <ele>1079.61</ele>
      </trkpt>
      <trkpt lat="32.76467" lon="-17.04867">
        <ele>1078.76</ele>
      </trkpt>
      <trkpt lat="32.76469" lon="-17.04866">
        <ele>1079.05</ele>
      </trkpt>
      <trkpt lat="32.7647" lon="-17.04865">
        <ele>1079.12</ele>
      </trkpt>
      <trkpt lat="32.7647" lon="-17.04864">
        <ele>1078.92</ele>
      </trkpt>
      <trkpt lat="32.7647" lon="-17.04862">
        <ele>1078.53</ele>
      </trkpt>
      <trkpt lat="32.7647" lon="-17.0486">
        <ele>1078.03</ele>
      </trkpt>
      <trkpt lat="32.7647" lon="-17.04858">
        <ele>1077.44</ele>
      </trkpt>
      <trkpt lat="32.76473" lon="-17.04854">
        <ele>1076.94</ele>
      </trkpt>
      <trkpt lat="32.76475" lon="-17.04851">
        <ele>1076.02</ele>
      </trkpt>
      <trkpt lat="32.76476" lon="-17.04848">
        <ele>1075.1</ele>
      </trkpt>
      <trkpt lat="32.76477" lon="-17.04845">
        <ele>1074.16</ele>
      </trkpt>
      <trkpt lat="32.76477" lon="-17.04843">
        <ele>1073.56</ele>
      </trkpt>
      <trkpt lat="32.76477" lon="-17.0484">
        <ele>1072.66</ele>
      </trkpt>
      <trkpt lat="32.76478" lon="-17.04837">
        <ele>1071.69</ele>
      </trkpt>
      <trkpt lat="32.76481" lon="-17.04833">
        <ele>1070.27</ele>
      </trkpt>
      <trkpt lat="32.76481" lon="-17.04831">
        <ele>1069.67</ele>
      </trkpt>
      <trkpt lat="32.76482" lon="-17.0483">
        <ele>1069.29</ele>
      </trkpt>
      <trkpt lat="32.76486" lon="-17.04828">
        <ele>1068.28</ele>
      </trkpt>
      <trkpt lat="32.76488" lon="-17.04827">
        <ele>1067.75</ele>
      </trkpt>
      <trkpt lat="32.76489" lon="-17.04826">
        <ele>1067.31</ele>
      </trkpt>
      <trkpt lat="32.76489" lon="-17.04823">
        <ele>1066.29</ele>
      </trkpt>
      <trkpt lat="32.76491" lon="-17.04819">
        <ele>1064.64</ele>
      </trkpt>
      <trkpt lat="32.76492" lon="-17.04816">
        <ele>1063.43</ele>
      </trkpt>
      <trkpt lat="32.76492" lon="-17.04804">
        <ele>1059.44</ele>
      </trkpt>
      <trkpt lat="32.76489" lon="-17.04796">
        <ele>1058.19</ele>
      </trkpt>
      <trkpt lat="32.76489" lon="-17.04796">
        <ele>1058.19</ele>
      </trkpt>
      <trkpt lat="32.76492" lon="-17.04794">
        <ele>1057.58</ele>
      </trkpt>
      <trkpt lat="32.76494" lon="-17.04793">
        <ele>1057.32</ele>
      </trkpt>
      <trkpt lat="32.76494" lon="-17.04791">
        <ele>1057.0</ele>
      </trkpt>
      <trkpt lat="32.76494" lon="-17.04788">
        <ele>1056.53</ele>
      </trkpt>
      <trkpt lat="32.76494" lon="-17.04786">
        <ele>1056.22</ele>
      </trkpt>
      <trkpt lat="32.76493" lon="-17.04781">
        <ele>1055.29</ele>
      </trkpt>
      <trkpt lat="32.76494" lon="-17.04781">
        <ele>1055.43</ele>
      </trkpt>
      <trkpt lat="32.76496" lon="-17.04779">
        <ele>1055.44</ele>
      </trkpt>
      <trkpt lat="32.76496" lon="-17.04773">
        <ele>1053.21</ele>
      </trkpt>
      <trkpt lat="32.76499" lon="-17.04761">
        <ele>1049.48</ele>
      </trkpt>
      <trkpt lat="32.76506" lon="-17.04746">
        <ele>1042.65</ele>
      </trkpt>
      <trkpt lat="32.76508" lon="-17.04741">
        <ele>1039.8</ele>
      </trkpt>
      <trkpt lat="32.7651" lon="-17.04738">
        <ele>1038.32</ele>
      </trkpt>
      <trkpt lat="32.76512" lon="-17.04736">
        <ele>1037.53</ele>
      </trkpt>
      <trkpt lat="32.76511" lon="-17.04734">
        <ele>1036.5</ele>
      </trkpt>
      <trkpt lat="32.7651" lon="-17.04732">
        <ele>1035.39</ele>
      </trkpt>
      <trkpt lat="32.7651" lon="-17.04728">
        <ele>1033.43</ele>
      </trkpt>
      <trkpt lat="32.76509" lon="-17.04723">
        <ele>1030.64</ele>
      </trkpt>
      <trkpt lat="32.7651" lon="-17.0472">
        <ele>1030.06</ele>
      </trkpt>
      <trkpt lat="32.76509" lon="-17.04715">
        <ele>1028.52</ele>
      </trkpt>
      <trkpt lat="32.76508" lon="-17.04709">
        <ele>1026.81</ele>
      </trkpt>
      <trkpt lat="32.76507" lon="-17.04706">
        <ele>1025.86</ele>
      </trkpt>
      <trkpt lat="32.76509" lon="-17.04706">
        <ele>1026.37</ele>
      </trkpt>
      <trkpt lat="32.76512" lon="-17.04706">
        <ele>1027.14</ele>
      </trkpt>
      <trkpt lat="32.76513" lon="-17.04706">
        <ele>1027.39</ele>
      </trkpt>
      <trkpt lat="32.76514" lon="-17.04705">
        <ele>1027.38</ele>
      </trkpt>
      <trkpt lat="32.76514" lon="-17.04704">
        <ele>1027.11</ele>
      </trkpt>
      <trkpt lat="32.76511" lon="-17.04701">
        <ele>1025.63</ele>
      </trkpt>
      <trkpt lat="32.7651" lon="-17.047">
        <ele>1025.16</ele>
      </trkpt>
      <trkpt lat="32.76509" lon="-17.04698">
        <ele>1024.47</ele>
      </trkpt>
      <trkpt lat="32.76509" lon="-17.04695">
        <ele>1023.75</ele>
      </trkpt>
      <trkpt lat="32.76511" lon="-17.0469">
        <ele>1020.65</ele>
      </trkpt>
      <trkpt lat="32.76512" lon="-17.04685">
        <ele>1017.12</ele>
      </trkpt>
      <trkpt lat="32.76516" lon="-17.04677">
        <ele>1012.15</ele>
      </trkpt>
      <trkpt lat="32.76517" lon="-17.04671">
        <ele>1008.04</ele>
      </trkpt>
      <trkpt lat="32.76517" lon="-17.04665">
        <ele>1003.82</ele>
      </trkpt>
      <trkpt lat="32.76517" lon="-17.04662">
        <ele>1001.87</ele>
      </trkpt>
      <trkpt lat="32.76519" lon="-17.04659">
        <ele>1000.5</ele>
      </trkpt>
      <trkpt lat="32.76519" lon="-17.04658">
        <ele>999.86</ele>
      </trkpt>
      <trkpt lat="32.7652" lon="-17.04658">
        <ele>1000.14</ele>
      </trkpt>
      <trkpt lat="32.76521" lon="-17.04658">
        <ele>1000.43</ele>
      </trkpt>
      <trkpt lat="32.76522" lon="-17.04658">
        <ele>1000.72</ele>
      </trkpt>
      <trkpt lat="32.7652" lon="-17.04657">
        <ele>999.5</ele>
      </trkpt>
      <trkpt lat="32.76518" lon="-17.04656">
        <ele>998.27</ele>
      </trkpt>
      <trkpt lat="32.76517" lon="-17.04652">
        <ele>995.39</ele>
      </trkpt>
      <trkpt lat="32.76518" lon="-17.04649">
        <ele>993.74</ele>
      </trkpt>
      <trkpt lat="32.76519" lon="-17.04648">
        <ele>993.38</ele>
      </trkpt>
      <trkpt lat="32.76519" lon="-17.04646">
        <ele>992.08</ele>
      </trkpt>
      <trkpt lat="32.76518" lon="-17.04645">
        <ele>991.14</ele>
      </trkpt>
      <trkpt lat="32.76517" lon="-17.04643">
        <ele>989.56</ele>
      </trkpt>
      <trkpt lat="32.76518" lon="-17.04643">
        <ele>989.85</ele>
      </trkpt>
      <trkpt lat="32.76519" lon="-17.04642">
        <ele>989.49</ele>
      </trkpt>
      <trkpt lat="32.76519" lon="-17.04644">
        <ele>990.78</ele>
      </trkpt>
      <trkpt lat="32.76521" lon="-17.0465">
        <ele>995.25</ele>
      </trkpt>
      <trkpt lat="32.76522" lon="-17.04652">
        <ele>996.83</ele>
      </trkpt>
      <trkpt lat="32.76523" lon="-17.04653">
        <ele>997.77</ele>
      </trkpt>
      <trkpt lat="32.76524" lon="-17.04652">
        <ele>997.41</ele>
      </trkpt>
      <trkpt lat="32.76525" lon="-17.0465">
        <ele>996.4</ele>
      </trkpt>
      <trkpt lat="32.76523" lon="-17.04645">
        <ele>992.58</ele>
      </trkpt>
      <trkpt lat="32.76522" lon="-17.0464">
        <ele>989.06</ele>
      </trkpt>
      <trkpt lat="32.76521" lon="-17.04639">
        <ele>988.12</ele>
      </trkpt>
      <trkpt lat="32.7652" lon="-17.04639">
        <ele>987.83</ele>
      </trkpt>
      <trkpt lat="32.76518" lon="-17.04638">
        <ele>986.8</ele>
      </trkpt>
      <trkpt lat="32.76517" lon="-17.04635">
        <ele>985.19</ele>
      </trkpt>
      <trkpt lat="32.76518" lon="-17.04631">
        <ele>983.76</ele>
      </trkpt>
      <trkpt lat="32.76518" lon="-17.04627">
        <ele>982.02</ele>
      </trkpt>
      <trkpt lat="32.76518" lon="-17.04619">
        <ele>978.55</ele>
      </trkpt>
      <trkpt lat="32.7652" lon="-17.04616">
        <ele>978.0</ele>
      </trkpt>
      <trkpt lat="32.7652" lon="-17.04609">
        <ele>975.03</ele>
      </trkpt>
      <trkpt lat="32.76521" lon="-17.04605">
        <ele>973.73</ele>
      </trkpt>
      <trkpt lat="32.76523" lon="-17.04589">
        <ele>967.69</ele>
      </trkpt>
      <trkpt lat="32.76519" lon="-17.04571">
        <ele>959.24</ele>
      </trkpt>
      <trkpt lat="32.76519" lon="-17.04555">
        <ele>953.38</ele>
      </trkpt>
      <trkpt lat="32.76516" lon="-17.04538">
        <ele>950.06</ele>
      </trkpt>
      <trkpt lat="32.76517" lon="-17.04521">
        <ele>948.34</ele>
      </trkpt>
      <trkpt lat="32.76517" lon="-17.04512">
        <ele>947.98</ele>
      </trkpt>
      <trkpt lat="32.76513" lon="-17.04498">
        <ele>945.42</ele>
      </trkpt>
      <trkpt lat="32.76512" lon="-17.04495">
        <ele>943.91</ele>
      </trkpt>
      <trkpt lat="32.76513" lon="-17.04494">
        <ele>943.84</ele>
      </trkpt>
      <trkpt lat="32.76515" lon="-17.04492">
        <ele>943.69</ele>
      </trkpt>
      <trkpt lat="32.76517" lon="-17.04486">
        <ele>941.96</ele>
      </trkpt>
      <trkpt lat="32.76518" lon="-17.04481">
        <ele>940.31</ele>
      </trkpt>
      <trkpt lat="32.76519" lon="-17.04473">
        <ele>937.46</ele>
      </trkpt>
      <trkpt lat="32.76518" lon="-17.04468">
        <ele>933.8</ele>
      </trkpt>
      <trkpt lat="32.76517" lon="-17.04464">
        <ele>930.64</ele>
      </trkpt>
      <trkpt lat="32.76516" lon="-17.04457">
        <ele>925.37</ele>
      </trkpt>
      <trkpt lat="32.76516" lon="-17.04457">
        <ele>925.37</ele>
      </trkpt>
      <trkpt lat="32.76516" lon="-17.04457">
        <ele>925.37</ele>
      </trkpt>
      <trkpt lat="32.76494" lon="-17.04479">
        <ele>931.31</ele>
      </trkpt>
      <trkpt lat="32.76468" lon="-17.04516">
        <ele>936.56</ele>
      </trkpt>
      <trkpt lat="32.76442" lon="-17.04529">
        <ele>932.47</ele>
      </trkpt>
      <trkpt lat="32.76435" lon="-17.04535">
        <ele>934.59</ele>
      </trkpt>
      <trkpt lat="32.76424" lon="-17.04549">
        <ele>938.72</ele>
      </trkpt>
      <trkpt lat="32.76397" lon="-17.04589">
        <ele>954.1</ele>
      </trkpt>
      <trkpt lat="32.76392" lon="-17.04601">
        <ele>957.41</ele>
      </trkpt>
      <trkpt lat="32.76384" lon="-17.04631">
        <ele>961.94</ele>
      </trkpt>
      <trkpt lat="32.76367" lon="-17.04662">
        <ele>959.8</ele>
      </trkpt>
      <trkpt lat="32.76354" lon="-17.04678">
        <ele>953.05</ele>
      </trkpt>
      <trkpt lat="32.76345" lon="-17.04687">
        <ele>949.11</ele>
      </trkpt>
      <trkpt lat="32.76342" lon="-17.04698">
        <ele>949.25</ele>
      </trkpt>
      <trkpt lat="32.76328" lon="-17.04733">
        <ele>953.75</ele>
      </trkpt>
      <trkpt lat="32.76316" lon="-17.04783">
        <ele>960.08</ele>
      </trkpt>
      <trkpt lat="32.76279" lon="-17.04775">
        <ele>956.86</ele>
      </trkpt>
      <trkpt lat="32.76271" lon="-17.04783">
        <ele>957.09</ele>
      </trkpt>
      <trkpt lat="32.76242" lon="-17.04802">
        <ele>952.38</ele>
      </trkpt>
      <trkpt lat="32.7623" lon="-17.04814">
        <ele>955.22</ele>
      </trkpt>
      <trkpt lat="32.76222" lon="-17.04818">
        <ele>957.42</ele>
      </trkpt>
      <trkpt lat="32.76192" lon="-17.04822">
        <ele>963.06</ele>
      </trkpt>
      <trkpt lat="32.76178" lon="-17.04821">
        <ele>964.47</ele>
      </trkpt>
      <trkpt lat="32.7617" lon="-17.04816">
        <ele>965.12</ele>
      </trkpt>
      <trkpt lat="32.76162" lon="-17.04811">
        <ele>966.65</ele>
      </trkpt>
      <trkpt lat="32.76139" lon="-17.04806">
        <ele>974.86</ele>
      </trkpt>
      <trkpt lat="32.76124" lon="-17.04807">
        <ele>975.45</ele>
      </trkpt>
      <trkpt lat="32.76124" lon="-17.04807">
        <ele>975.45</ele>
      </trkpt>
      <trkpt lat="32.76124" lon="-17.04807">
        <ele>975.45</ele>
      </trkpt>
      <trkpt lat="32.76115" lon="-17.0481">
        <ele>976.0</ele>
      </trkpt>
      <trkpt lat="32.76109" lon="-17.04815">
        <ele>976.81</ele>
      </trkpt>
      <trkpt lat="32.76088" lon="-17.04848">
        <ele>986.21</ele>
      </trkpt>
      <trkpt lat="32.76084" lon="-17.04856">
        <ele>989.37</ele>
      </trkpt>
      <trkpt lat="32.76092" lon="-17.04855">
        <ele>987.19</ele>
      </trkpt>
      <trkpt lat="32.76084" lon="-17.0488">
        <ele>1000.27</ele>
      </trkpt>
      <trkpt lat="32.76101" lon="-17.04868">
        <ele>989.23</ele>
      </trkpt>
      <trkpt lat="32.76105" lon="-17.04883">
        <ele>993.5</ele>
      </trkpt>
      <trkpt lat="32.76125" lon="-17.04872">
        <ele>985.79</ele>
      </trkpt>
      <trkpt lat="32.76135" lon="-17.04879">
        <ele>988.76</ele>
      </trkpt>
      <trkpt lat="32.76128" lon="-17.04882">
        <ele>990.63</ele>
      </trkpt>
      <trkpt lat="32.76121" lon="-17.0489">
        <ele>994.74</ele>
      </trkpt>
      <trkpt lat="32.76094" lon="-17.04895">
        <ele>1004.84</ele>
      </trkpt>
      <trkpt lat="32.76091" lon="-17.04898">
        <ele>1007.93</ele>
      </trkpt>
      <trkpt lat="32.76091" lon="-17.04898">
        <ele>1007.93</ele>
      </trkpt>
      <trkpt lat="32.76091" lon="-17.04898">
        <ele>1007.93</ele>
      </trkpt>
      <trkpt lat="32.76061" lon="-17.04925">
        <ele>1036.45</ele>
      </trkpt>
      <trkpt lat="32.76032" lon="-17.04943">
        <ele>1051.97</ele>
      </trkpt>
      <trkpt lat="32.76027" lon="-17.04924">
        <ele>1031.78</ele>
      </trkpt>
      <trkpt lat="32.76033" lon="-17.04895">
        <ele>1012.74</ele>
      </trkpt>
      <trkpt lat="32.76026" lon="-17.04857">
        <ele>991.16</ele>
      </trkpt>
      <trkpt lat="32.76005" lon="-17.04831">
        <ele>982.79</ele>
      </trkpt>
      <trkpt lat="32.75984" lon="-17.04824">
        <ele>990.58</ele>
      </trkpt>
      <trkpt lat="32.75962" lon="-17.04826">
        <ele>996.26</ele>
      </trkpt>
      <trkpt lat="32.75921" lon="-17.0481">
        <ele>999.7</ele>
      </trkpt>
      <trkpt lat="32.75894" lon="-17.04809">
        <ele>1009.77</ele>
      </trkpt>
      <trkpt lat="32.75835" lon="-17.04782">
        <ele>1016.34</ele>
      </trkpt>
      <trkpt lat="32.75808" lon="-17.04785">
        <ele>1018.89</ele>
      </trkpt>
      <trkpt lat="32.75782" lon="-17.04765">
        <ele>1026.83</ele>
      </trkpt>
      <trkpt lat="32.75749" lon="-17.04726">
        <ele>1034.44</ele>
      </trkpt>
      <trkpt lat="32.75715" lon="-17.04686">
        <ele>1111.48</ele>
      </trkpt>
      <trkpt lat="32.75682" lon="-17.04647">
        <ele>1185.44</ele>
      </trkpt>
      <trkpt lat="32.75648" lon="-17.04607">
        <ele>1261.56</ele>
      </trkpt>
      <trkpt lat="32.75615" lon="-17.04568">
        <ele>1298.91</ele>
      </trkpt>
      <trkpt lat="32.75581" lon="-17.04528">
        <ele>1293.93</ele>
      </trkpt>
      <trkpt lat="32.75548" lon="-17.04489">
        <ele>1291.85</ele>
      </trkpt>
      <trkpt lat="32.75515" lon="-17.04449">
        <ele>1277.85</ele>
      </trkpt>
      <trkpt lat="32.75481" lon="-17.04409">
        <ele>1259.76</ele>
      </trkpt>
      <trkpt lat="32.75448" lon="-17.0437">
        <ele>1260.32</ele>
      </trkpt>
      <trkpt lat="32.75414" lon="-17.04331">
        <ele>1249.54</ele>
      </trkpt>
      <trkpt lat="32.75381" lon="-17.04291">
        <ele>1224.96</ele>
      </trkpt>
      <trkpt lat="32.75347" lon="-17.04251">
        <ele>1173.81</ele>
      </trkpt>
      <trkpt lat="32.75314" lon="-17.04212">
        <ele>1149.3</ele>
      </trkpt>
      <trkpt lat="32.7528" lon="-17.04173">
        <ele>1132.03</ele>
      </trkpt>
      <trkpt lat="32.75247" lon="-17.04133">
        <ele>1088.16</ele>
      </trkpt>
      <trkpt lat="32.75247" lon="-17.04133">
        <ele>1088.16</ele>
      </trkpt>
      <trkpt lat="32.75247" lon="-17.04133">
        <ele>1088.16</ele>
      </trkpt>
      <trkpt lat="32.75232" lon="-17.04114">
        <ele>1079.3</ele>
      </trkpt>
      <trkpt lat="32.7523" lon="-17.04112">
        <ele>1079.1</ele>
      </trkpt>
      <trkpt lat="32.7523" lon="-17.04108">
        <ele>1076.47</ele>
      </trkpt>
      <trkpt lat="32.75229" lon="-17.04101">
        <ele>1073.06</ele>
      </trkpt>
      <trkpt lat="32.75229" lon="-17.04092">
        <ele>1067.66</ele>
      </trkpt>
      <trkpt lat="32.75228" lon="-17.04073">
        <ele>1052.11</ele>
      </trkpt>
      <trkpt lat="32.75221" lon="-17.0405">
        <ele>1035.09</ele>
      </trkpt>
      <trkpt lat="32.75213" lon="-17.04039">
        <ele>1040.13</ele>
      </trkpt>
      <trkpt lat="32.75205" lon="-17.04033">
        <ele>1045.32</ele>
      </trkpt>
      <trkpt lat="32.75187" lon="-17.04027">
        <ele>1055.35</ele>
      </trkpt>
      <trkpt lat="32.75185" lon="-17.04025">
        <ele>1055.44</ele>
      </trkpt>
      <trkpt lat="32.75184" lon="-17.04021">
        <ele>1054.19</ele>
      </trkpt>
      <trkpt lat="32.75183" lon="-17.04016">
        <ele>1052.68</ele>
      </trkpt>
      <trkpt lat="32.7519" lon="-17.03987">
        <ele>1037.45</ele>
      </trkpt>
      <trkpt lat="32.75196" lon="-17.03965">
        <ele>1031.77</ele>
      </trkpt>
      <trkpt lat="32.75206" lon="-17.03942">
        <ele>1027.67</ele>
      </trkpt>
      <trkpt lat="32.75213" lon="-17.03917">
        <ele>1031.45</ele>
      </trkpt>
      <trkpt lat="32.75219" lon="-17.03901">
        <ele>1027.25</ele>
      </trkpt>
      <trkpt lat="32.75234" lon="-17.03872">
        <ele>1013.67</ele>
      </trkpt>
      <trkpt lat="32.75251" lon="-17.0384">
        <ele>981.59</ele>
      </trkpt>
      <trkpt lat="32.75248" lon="-17.03837">
        <ele>981.33</ele>
      </trkpt>
      <trkpt lat="32.75264" lon="-17.03794">
        <ele>976.61</ele>
      </trkpt>
      <trkpt lat="32.75268" lon="-17.03781">
        <ele>976.38</ele>
      </trkpt>
      <trkpt lat="32.75267" lon="-17.03775">
        <ele>976.72</ele>
      </trkpt>
      <trkpt lat="32.75258" lon="-17.0376">
        <ele>978.98</ele>
      </trkpt>
      <trkpt lat="32.7526" lon="-17.03754">
        <ele>978.48</ele>
      </trkpt>
      <trkpt lat="32.75248" lon="-17.03739">
        <ele>981.35</ele>
      </trkpt>
      <trkpt lat="32.75239" lon="-17.03735">
        <ele>982.46</ele>
      </trkpt>
      <trkpt lat="32.75223" lon="-17.03728">
        <ele>982.62</ele>
      </trkpt>
      <trkpt lat="32.75212" lon="-17.03721">
        <ele>984.45</ele>
      </trkpt>
      <trkpt lat="32.75192" lon="-17.03697">
        <ele>982.22</ele>
      </trkpt>
      <trkpt lat="32.75186" lon="-17.03689">
        <ele>985.31</ele>
      </trkpt>
      <trkpt lat="32.7518" lon="-17.03671">
        <ele>991.45</ele>
      </trkpt>
      <trkpt lat="32.75177" lon="-17.03658">
        <ele>997.52</ele>
      </trkpt>
      <trkpt lat="32.7517" lon="-17.03643">
        <ele>1009.83</ele>
      </trkpt>
      <trkpt lat="32.75169" lon="-17.03637">
        <ele>1012.19</ele>
      </trkpt>
      <trkpt lat="32.75169" lon="-17.03629">
        <ele>1014.85</ele>
      </trkpt>
      <trkpt lat="32.75174" lon="-17.03619">
        <ele>1012.74</ele>
      </trkpt>
      <trkpt lat="32.75183" lon="-17.03607">
        <ele>1009.42</ele>
      </trkpt>
      <trkpt lat="32.75198" lon="-17.03593">
        <ele>1004.25</ele>
      </trkpt>
      <trkpt lat="32.75241" lon="-17.03556">
        <ele>992.55</ele>
      </trkpt>
      <trkpt lat="32.75245" lon="-17.03549">
        <ele>994.18</ele>
      </trkpt>
      <trkpt lat="32.75245" lon="-17.03542">
        <ele>997.11</ele>
      </trkpt>
      <trkpt lat="32.75242" lon="-17.0352">
        <ele>1008.93</ele>
      </trkpt>
      <trkpt lat="32.75243" lon="-17.03512">
        <ele>1012.65</ele>
      </trkpt>
      <trkpt lat="32.75245" lon="-17.03507">
        <ele>1014.56</ele>
      </trkpt>
      <trkpt lat="32.75251" lon="-17.03501">
        <ele>1016.32</ele>
      </trkpt>
      <trkpt lat="32.75268" lon="-17.03495">
        <ele>1017.04</ele>
      </trkpt>
      <trkpt lat="32.75275" lon="-17.03494">
        <ele>1016.58</ele>
      </trkpt>
      <trkpt lat="32.75286" lon="-17.03489">
        <ele>1014.77</ele>
      </trkpt>
      <trkpt lat="32.75297" lon="-17.03493">
        <ele>1010.63</ele>
      </trkpt>
      <trkpt lat="32.75306" lon="-17.03481">
        <ele>1009.48</ele>
      </trkpt>
      <trkpt lat="32.7531" lon="-17.03468">
        <ele>1009.17</ele>
      </trkpt>
      <trkpt lat="32.75332" lon="-17.03425">
        <ele>1011.76</ele>
      </trkpt>
      <trkpt lat="32.75342" lon="-17.03402">
        <ele>1018.69</ele>
      </trkpt>
      <trkpt lat="32.75365" lon="-17.03349">
        <ele>1036.55</ele>
      </trkpt>
      <trkpt lat="32.75366" lon="-17.03338">
        <ele>1040.22</ele>
      </trkpt>
      <trkpt lat="32.7536" lon="-17.03323">
        <ele>1048.78</ele>
      </trkpt>
      <trkpt lat="32.75321" lon="-17.03235">
        <ele>1107.25</ele>
      </trkpt>
      <trkpt lat="32.75321" lon="-17.03235">
        <ele>1107.25</ele>
      </trkpt>
      <trkpt lat="32.75321" lon="-17.03235">
        <ele>1107.25</ele>
      </trkpt>
      <trkpt lat="32.75135" lon="-17.02828">
        <ele>1030.76</ele>
      </trkpt>
      <trkpt lat="32.75135" lon="-17.02823">
        <ele>1028.24</ele>
      </trkpt>
      <trkpt lat="32.75137" lon="-17.02819">
        <ele>1026.77</ele>
      </trkpt>
      <trkpt lat="32.75145" lon="-17.02806">
        <ele>1021.0</ele>
      </trkpt>
      <trkpt lat="32.75151" lon="-17.02798">
        <ele>1013.95</ele>
      </trkpt>
      <trkpt lat="32.75158" lon="-17.02788">
        <ele>1007.0</ele>
      </trkpt>
      <trkpt lat="32.75165" lon="-17.02773">
        <ele>997.68</ele>
      </trkpt>
      <trkpt lat="32.75169" lon="-17.02769">
        <ele>995.77</ele>
      </trkpt>
      <trkpt lat="32.75171" lon="-17.02766">
        <ele>994.1</ele>
      </trkpt>
      <trkpt lat="32.75182" lon="-17.02738">
        <ele>981.56</ele>
      </trkpt>
      <trkpt lat="32.75188" lon="-17.02724">
        <ele>976.21</ele>
      </trkpt>
      <trkpt lat="32.75192" lon="-17.02713">
        <ele>976.28</ele>
      </trkpt>
      <trkpt lat="32.75198" lon="-17.02708">
        <ele>979.49</ele>
      </trkpt>
      <trkpt lat="32.75201" lon="-17.02699">
        <ele>979.7</ele>
      </trkpt>
      <trkpt lat="32.752" lon="-17.02694">
        <ele>978.02</ele>
      </trkpt>
      <trkpt lat="32.75197" lon="-17.02688">
        <ele>976.09</ele>
      </trkpt>
      <trkpt lat="32.75188" lon="-17.02668">
        <ele>967.72</ele>
      </trkpt>
      <trkpt lat="32.75186" lon="-17.02659">
        <ele>962.75</ele>
      </trkpt>
      <trkpt lat="32.75192" lon="-17.0265">
        <ele>967.61</ele>
      </trkpt>
      <trkpt lat="32.75199" lon="-17.0265">
        <ele>974.15</ele>
      </trkpt>
      <trkpt lat="32.75205" lon="-17.02647">
        <ele>977.75</ele>
      </trkpt>
      <trkpt lat="32.75209" lon="-17.02636">
        <ele>976.69</ele>
      </trkpt>
      <trkpt lat="32.75222" lon="-17.02626">
        <ele>977.67</ele>
      </trkpt>
      <trkpt lat="32.75236" lon="-17.02624">
        <ele>983.33</ele>
      </trkpt>
      <trkpt lat="32.75244" lon="-17.02627">
        <ele>989.0</ele>
      </trkpt>
      <trkpt lat="32.7525" lon="-17.02626">
        <ele>991.43</ele>
      </trkpt>
      <trkpt lat="32.75256" lon="-17.02622">
        <ele>989.15</ele>
      </trkpt>
      <trkpt lat="32.75278" lon="-17.02615">
        <ele>985.16</ele>
      </trkpt>
      <trkpt lat="32.75294" lon="-17.02616">
        <ele>988.74</ele>
      </trkpt>
      <trkpt lat="32.75302" lon="-17.0262">
        <ele>992.04</ele>
      </trkpt>
      <trkpt lat="32.75308" lon="-17.02625">
        <ele>994.69</ele>
      </trkpt>
      <trkpt lat="32.75317" lon="-17.02629">
        <ele>995.23</ele>
      </trkpt>
      <trkpt lat="32.75325" lon="-17.02628">
        <ele>993.77</ele>
      </trkpt>
      <trkpt lat="32.75328" lon="-17.02625">
        <ele>992.17</ele>
      </trkpt>
      <trkpt lat="32.75328" lon="-17.02625">
        <ele>992.17</ele>
      </trkpt>
      <trkpt lat="32.7533" lon="-17.02624">
        <ele>991.52</ele>
      </trkpt>
      <trkpt lat="32.75335" lon="-17.02611">
        <ele>987.21</ele>
      </trkpt>
      <trkpt lat="32.75346" lon="-17.02599">
        <ele>989.35</ele>
      </trkpt>
      <trkpt lat="32.75357" lon="-17.02591">
        <ele>992.12</ele>
      </trkpt>
      <trkpt lat="32.75367" lon="-17.02582">
        <ele>995.91</ele>
      </trkpt>
      <trkpt lat="32.75385" lon="-17.02557">
        <ele>1001.07</ele>
      </trkpt>
      <trkpt lat="32.75393" lon="-17.02542">
        <ele>1000.25</ele>
      </trkpt>
      <trkpt lat="32.75401" lon="-17.02534">
        <ele>1003.74</ele>
      </trkpt>
      <trkpt lat="32.75417" lon="-17.02522">
        <ele>1016.23</ele>
      </trkpt>
      <trkpt lat="32.75424" lon="-17.0251">
        <ele>1019.12</ele>
      </trkpt>
      <trkpt lat="32.75425" lon="-17.02496">
        <ele>1017.33</ele>
      </trkpt>
      <trkpt lat="32.75422" lon="-17.02487">
        <ele>1014.97</ele>
      </trkpt>
      <trkpt lat="32.75419" lon="-17.02478">
        <ele>1012.26</ele>
      </trkpt>
      <trkpt lat="32.7541" lon="-17.02458">
        <ele>1002.65</ele>
      </trkpt>
      <trkpt lat="32.75402" lon="-17.02422">
        <ele>993.22</ele>
      </trkpt>
      <trkpt lat="32.75403" lon="-17.02416">
        <ele>993.52</ele>
      </trkpt>
      <trkpt lat="32.75413" lon="-17.02401">
        <ele>999.09</ele>
      </trkpt>
      <trkpt lat="32.75424" lon="-17.02379">
        <ele>1000.03</ele>
      </trkpt>
      <trkpt lat="32.75426" lon="-17.02354">
        <ele>990.69</ele>
      </trkpt>
      <trkpt lat="32.75423" lon="-17.02342">
        <ele>986.41</ele>
      </trkpt>
      <trkpt lat="32.75425" lon="-17.02326">
        <ele>986.36</ele>
      </trkpt>
      <trkpt lat="32.75437" lon="-17.02306">
        <ele>994.43</ele>
      </trkpt>
      <trkpt lat="32.75441" lon="-17.02297">
        <ele>998.9</ele>
      </trkpt>
      <trkpt lat="32.7544" lon="-17.02293">
        <ele>999.15</ele>
      </trkpt>
      <trkpt lat="32.75431" lon="-17.02287">
        <ele>994.15</ele>
      </trkpt>
      <trkpt lat="32.75417" lon="-17.02273">
        <ele>984.74</ele>
      </trkpt>
      <trkpt lat="32.75413" lon="-17.02266">
        <ele>982.39</ele>
      </trkpt>
      <trkpt lat="32.75412" lon="-17.02259">
        <ele>981.35</ele>
      </trkpt>
      <trkpt lat="32.75412" lon="-17.02235">
        <ele>983.19</ele>
      </trkpt>
      <trkpt lat="32.75417" lon="-17.02217">
        <ele>986.69</ele>
      </trkpt>
      <trkpt lat="32.75418" lon="-17.02204">
        <ele>986.06</ele>
      </trkpt>
      <trkpt lat="32.75423" lon="-17.02196">
        <ele>991.01</ele>
      </trkpt>
      <trkpt lat="32.75426" lon="-17.02177">
        <ele>995.45</ele>
      </trkpt>
      <trkpt lat="32.75423" lon="-17.02165">
        <ele>994.08</ele>
      </trkpt>
      <trkpt lat="32.75417" lon="-17.0215">
        <ele>992.82</ele>
      </trkpt>
      <trkpt lat="32.75413" lon="-17.02138">
        <ele>993.46</ele>
      </trkpt>
      <trkpt lat="32.75413" lon="-17.02119">
        <ele>997.3</ele>
      </trkpt>
      <trkpt lat="32.7541" lon="-17.02105">
        <ele>997.49</ele>
      </trkpt>
      <trkpt lat="32.75415" lon="-17.02089">
        <ele>1000.93</ele>
      </trkpt>
      <trkpt lat="32.7542" lon="-17.02064">
        <ele>1002.34</ele>
      </trkpt>
      <trkpt lat="32.7542" lon="-17.02054">
        <ele>1001.69</ele>
      </trkpt>
      <trkpt lat="32.75418" lon="-17.02038">
        <ele>998.28</ele>
      </trkpt>
      <trkpt lat="32.75415" lon="-17.02016">
        <ele>995.04</ele>
      </trkpt>
      <trkpt lat="32.75416" lon="-17.01991">
        <ele>993.32</ele>
      </trkpt>
      <trkpt lat="32.75416" lon="-17.0198">
        <ele>992.46</ele>
      </trkpt>
      <trkpt lat="32.75417" lon="-17.01973">
        <ele>992.12</ele>
      </trkpt>
      <trkpt lat="32.75419" lon="-17.01943">
        <ele>982.73</ele>
      </trkpt>
      <trkpt lat="32.75421" lon="-17.01932">
        <ele>983.84</ele>
      </trkpt>
    </trkseg>
  </trk>
</gpx>
